# Folded Quran word -> frequency in ordinary Arabic (Zipf; wordfreq 3.1.1, language "ar"). Built by eval/build_prose_zipf.py.
# Derived from wordfreq data by Robyn Speer, https://github.com/rspeer/wordfreq, licensed CC BY-SA 4.0; this file is CC BY-SA 4.0.
ااتخذ	1.20
ااذا	1.90
اارباب	1.60
ااسجد	1.34
ااسلمتم	0.00
ااشفقتم	1.12
ااشكر	1.04
ااعجمي	0.00
ااقررتم	0.00
االد	0.00
االقي	0.00
االه	1.86
االهتنا	1.04
اامنتم	1.73
اانا	2.40
اانت	2.65
اانتم	2.84
اانذرتهم	1.84
اانزل	1.14
اانك	1.26
ابا	4.38
اباء	3.73
اباءكم	2.34
اباءنا	2.83
اباءهم	2.97
ابابيل	2.68
اباكم	2.53
ابالله	2.09
ابانا	2.98
اباه	3.84
اباهم	2.53
اباوكم	2.48
اباونا	2.64
اباوهم	2.58
ابايك	2.13
ابايكم	2.74
اباينا	3.34
ابايهم	3.56
ابايهن	2.27
ابايي	2.46
ابت	3.63
ابتدعوها	1.57
ابتغاء	3.11
ابتغوا	1.86
ابتغي	2.69
ابتغيت	1.78
ابتلاه	2.63
ابتلي	3.03
ابحر	3.49
ابدا	5.28
ابدله	2.37
ابراهيم	5.14
ابرح	2.51
ابرموا	1.75
ابري	2.37
ابسلوا	0.00
ابشر	3.26
ابشرا	1.16
ابشرتموني	0.00
ابصار	2.41
ابصاركم	2.14
ابصارنا	2.48
ابصارها	0.00
ابصارهم	3.03
ابصارهن	2.18
ابصر	3.16
ابصرنا	1.79
ابعث	3.40
ابغي	2.61
ابغيكم	0.00
ابق	3.17
ابقي	4.07
ابكارا	2.02
ابكم	2.70
ابلعي	1.97
ابلغ	4.32
ابلغتكم	1.84
ابلغكم	2.77
ابلغه	2.87
ابلغوا	3.17
ابليس	3.84
ابن	5.57
ابناء	4.90
ابناءكم	2.60
ابناءنا	3.20
ابناءهم	3.35
ابنايكم	2.82
ابنايهن	2.78
ابنت	2.57
ابنتي	4.06
ابنك	3.81
ابنه	4.61
ابنوا	2.14
ابني	4.37
ابواب	4.51
ابوابا	3.05
ابوابها	3.89
ابواه	2.96
ابوك	3.67
ابوهم	2.78
ابوهما	2.36
ابويك	2.45
ابويكم	2.00
ابويه	3.34
ابي	5.46
ابيضت	2.13
ابيكم	2.71
ابينا	3.38
ابيهم	3.17
اتاتون	1.73
اتاخذونه	1.38
اتاك	3.07
اتاكم	2.73
اتامرون	1.83
اتانا	2.62
اتاني	2.20
اتاه	2.94
اتاها	2.71
اتاهم	2.77
اتاهما	1.51
اتباع	4.18
اتبع	4.01
اتبعت	3.59
اتبعتم	1.87
اتبعتني	1.58
اتبعك	2.76
اتبعكما	0.00
اتبعن	1.47
اتبعني	2.95
اتبعه	3.28
اتبعوا	3.38
اتبعوك	1.52
اتبعون	1.16
اتبعوه	2.49
اتبعوهم	2.24
اتبنون	1.15
اتت	4.45
اتتخذ	1.65
اتتخذنا	0.00
اتتركون	0.00
اتتك	2.86
اتتكم	1.92
اتتهم	1.87
اتجادلونني	1.05
اتجعل	1.95
اتحاجوننا	0.00
اتحاجوني	1.04
اتحدثونهم	0.00
اتخذ	4.41
اتخذت	4.33
اتخذتم	2.11
اتخذناهم	0.00
اتخذها	3.43
اتخذوا	3.62
اتخذوني	1.27
اتخذوه	2.30
اتخذوها	2.21
اتخذوهم	1.22
اتخذي	2.16
اتخشونهم	1.28
اتدعون	1.51
اتذر	1.32
اتراب	1.68
اترابا	2.06
اترفتم	1.12
اترفوا	1.20
اتريد	3.24
اتريدون	3.08
اتستبدلون	1.57
اتسق	1.43
اتصبرون	1.56
اتعبدون	0.00
اتعجبين	1.04
اتعدانني	0.00
اتعلمون	3.19
اتق	3.09
اتقاكم	2.74
اتقتلون	1.31
اتقن	3.38
اتقوا	3.52
اتقولون	2.12
اتقي	2.84
اتقيتن	1.77
اتل	2.25
اتلو	2.40
اتمدونن	1.42
اتمم	2.57
اتممت	2.68
اتمها	2.31
اتموا	2.67
اتنا	2.64
اتنبيون	0.00
اتنهانا	0.00
اتهتدي	1.29
اتهلكنا	0.00
اتهم	4.15
اتوا	3.88
اتواصوا	1.04
اتوب	2.74
اتوك	2.03
اتوكا	1.78
اتوني	2.22
اتوه	2.54
اتي	4.57
اتيا	2.68
اتيت	3.87
اتيتك	1.72
اتيتكم	1.19
اتيتم	2.17
اتيتموهن	1.31
اتيتنا	0.00
اتيتني	1.49
اتيتهن	0.00
اتيك	2.78
اتيكم	2.22
اتين	2.58
اتينا	3.40
اتيناك	2.18
اتيناكم	1.65
اتيناه	2.22
اتيناها	0.00
اتيناهم	2.27
اتيه	3.39
اتيهم	1.23
اثاثا	2.13
اثار	4.76
اثاره	3.71
اثارهم	3.15
اثارهما	1.89
اثاقلتم	1.19
اثاما	1.96
اثخنتموهم	0.00
اثر	4.85
اثرك	2.05
اثري	3.42
اثقالكم	1.44
اثقالها	2.02
اثقالهم	2.03
اثقلت	2.64
اثم	3.44
اثما	3.13
اثمر	2.89
اثمه	2.02
اثنا	3.77
اثنان	4.55
اثنتا	2.83
اثنتي	3.40
اثنتين	3.98
اثني	3.57
اثنين	4.90
اثيم	2.52
اثيما	1.53
اجاج	2.35
اجاجا	1.88
اجبتم	1.96
اجتباكم	0.00
اجتباه	1.93
اجتبيتها	0.00
اجتثت	1.72
اجترحوا	1.83
اجتمعت	3.88
اجتمعوا	3.60
اجتنبوا	2.51
اجد	4.64
اجر	4.22
اجرا	3.72
اجرامي	3.29
اجرمنا	1.18
اجرموا	2.10
اجره	3.51
اجرها	3.04
اجرهم	3.00
اجري	4.14
اجزعنا	0.00
اجسامهم	3.14
اجعل	4.13
اجعلتم	1.75
اجعلنا	2.99
اجعلني	3.26
اجعلوا	2.96
اجل	5.83
اجلا	2.90
اجلت	3.45
اجلنا	3.31
اجله	4.20
اجلها	4.07
اجلهم	3.64
اجلهن	1.97
اجمعوا	3.17
اجمعون	1.74
اجمعين	3.97
اجنحه	3.98
اجنه	2.78
اجهروا	1.31
اجوركم	2.19
اجورهم	3.24
اجورهن	1.87
اجيب	3.69
اجيبت	1.99
اجيبوا	2.63
اجيتنا	1.72
احاديث	4.13
احاط	3.23
احب	5.22
احبارهم	1.82
احببت	4.30
احتمل	3.02
احتملوا	2.19
احد	5.98
احدا	4.83
احداهما	3.73
احداهن	3.60
احدث	4.60
احدكم	4.46
احدكما	2.42
احدنا	3.53
احدهم	4.92
احدهما	4.27
احدي	5.37
احرص	3.71
احس	4.26
احسانا	3.00
احسب	3.81
احسن	4.64
احسنتم	2.91
احسنه	2.67
احسنوا	2.99
احسوا	2.46
احشروا	1.46
احصاه	1.96
احصاها	2.88
احصاهم	1.25
احصرتم	0.00
احصروا	1.19
احصن	2.08
احصنت	1.80
احصي	2.99
احصيناه	1.65
احضرت	3.68
احطت	2.28
احطنا	1.86
احق	3.43
احقابا	1.83
احكم	3.39
احكمت	2.66
احل	3.76
احلام	4.38
احلامهم	3.45
احلت	2.73
احللنا	0.00
احلنا	1.67
احمد	5.59
احمل	3.80
احملكم	1.98
احوي	2.01
احيا	3.78
احياء	4.62
احياكم	1.20
احياها	2.82
احياهم	1.59
احيط	2.64
احيي	3.19
احييناها	1.08
اخ	4.18
اخا	3.61
اخاف	4.20
اخالفكم	1.45
اخانا	2.68
اخاه	3.90
اخاهم	2.40
اخباركم	2.82
اخبارها	3.27
اخت	4.16
اخترتك	2.86
اخترناهم	1.45
اختصموا	0.00
اختك	3.66
اختلاف	4.46
اختلافا	3.74
اختلاق	3.02
اختلط	3.30
اختلف	4.03
اختلفتم	2.22
اختلفوا	3.61
اختها	3.86
اخدان	1.01
اخذ	5.02
اخذا	3.35
اخذت	4.75
اخذتم	2.65
اخذته	3.42
اخذتها	3.85
اخذتهم	2.71
اخذنا	4.03
اخذناهم	2.23
اخذه	3.93
اخذوا	4.02
اخذين	2.91
اخر	5.84
اخراج	4.50
اخراجا	2.31
اخراجكم	2.25
اخراجهم	3.10
اخراكم	1.21
اخران	3.55
اخراهم	1.02
اخرتن	0.00
اخرتنا	1.82
اخرتني	2.06
اخرج	4.29
اخرجت	3.71
اخرجتك	1.82
اخرجتم	1.86
اخرجك	2.38
اخرجكم	2.43
اخرجنا	3.12
اخرجني	3.01
اخرجه	4.06
اخرجوا	3.51
اخرجوكم	1.14
اخرجوهم	2.64
اخرقتها	1.34
اخرنا	2.30
اخره	3.93
اخرون	4.57
اخري	5.94
اخرين	4.87
اخزي	2.13
اخزيته	1.34
اخسيوا	1.04
اخطاتم	2.27
اخطانا	3.55
اخفي	3.66
اخفيتم	1.55
اخفيها	2.60
اخلد	2.71
اخلده	1.32
اخلصناهم	0.00
اخلفنا	1.04
اخلفني	1.59
اخلفوا	1.59
اخلق	3.29
اخنه	1.97
اخواتكم	1.99
اخواتهن	1.53
اخوالكم	0.00
اخوان	3.84
اخوانا	2.86
اخوانكم	3.23
اخوانهم	3.39
اخوانهن	1.69
اخوتك	2.83
اخوتي	3.59
اخوك	3.44
اخوه	3.82
اخوهم	2.22
اخويكم	2.00
اخي	4.66
اخيه	4.33
ادا	3.47
ادارك	1.67
اداركوا	0.00
ادباركم	1.23
ادبارها	0.00
ادبارهم	2.28
ادبر	3.03
ادخل	4.44
ادخلا	1.85
ادخلني	3.03
ادخلوا	3.55
ادخلوها	2.28
ادخلي	3.32
ادر	3.12
ادراك	3.27
ادراكم	1.88
ادركه	3.11
ادري	4.87
ادريس	4.15
ادع	3.51
ادعهن	0.00
ادعو	4.20
ادعوا	3.53
ادعوتموهم	0.00
ادعوكم	3.42
ادعوني	2.93
ادعوهم	2.13
ادعياءكم	0.00
ادعيايهم	0.00
ادفع	3.79
ادفعوا	2.35
ادلك	2.94
ادلكم	2.65
ادم	4.73
ادني	4.66
ادهي	2.49
ادوا	2.93
اذ	5.39
اذا	6.13
اذاعوا	1.94
اذاقهم	1.57
اذان	3.57
اذاننا	2.48
اذانهم	2.74
اذاهم	2.60
اذبحك	2.14
اذقنا	1.61
اذقناه	1.08
اذكر	3.85
اذكركم	3.19
اذكرني	2.14
اذكره	3.05
اذكروا	2.79
اذلك	2.87
اذله	2.42
اذن	4.17
اذناك	1.09
اذنت	2.92
اذنتكم	0.00
اذنه	2.84
اذنيه	3.18
اذهب	4.25
اذهبا	2.18
اذهبتم	1.61
اذهبوا	3.58
اذوا	2.28
اذي	3.93
اذيتمونا	1.54
اراد	4.86
ارادا	2.91
ارادني	2.49
ارادوا	4.12
اراذلنا	1.39
اراغب	1.29
اراك	4.03
اراكم	3.27
اراكهم	0.00
اراني	3.00
ارايت	3.41
ارايتك	1.47
ارايتكم	1.97
ارايتم	3.34
اربابا	2.46
اربع	4.99
اربعه	5.20
اربعين	4.25
اربي	2.50
ارتابوا	1.73
ارتبتم	0.00
ارتدوا	3.20
ارتضي	2.45
ارجايها	2.70
ارجع	4.21
ارجعوا	3.02
ارجعون	1.91
ارجعي	3.18
ارجل	3.55
ارجلكم	2.44
ارجلهم	2.85
ارجه	1.48
ارحام	2.61
ارحامكم	2.32
ارحامهن	1.36
ارحم	3.56
ارحمهما	2.23
ارداكم	1.40
اردت	4.67
اردتم	3.37
اردن	3.23
اردنا	4.12
اردناه	2.62
ارذل	2.49
ارساها	1.91
ارسل	4.76
ارسلت	4.54
ارسلتم	2.44
ارسلنا	3.66
ارسلناك	2.92
ارسلناه	2.52
ارسله	3.69
ارسلوا	3.78
ارض	5.02
ارضا	4.13
ارضعت	2.37
ارضعن	0.00
ارضعنكم	0.00
ارضعيه	1.40
ارضكم	2.70
ارضنا	3.78
ارضهم	3.61
ارضي	3.86
ارضيتم	1.31
اركب	3.34
اركبوا	2.18
اركسهم	1.18
اركسوا	0.00
اركض	3.11
اركعوا	2.48
ارم	3.15
ارنا	3.32
ارني	3.34
ارهطي	1.10
اروني	2.32
اري	4.79
اريد	5.02
اريكم	2.39
اريناك	2.02
اريناه	0.00
ازا	2.59
ازاغ	1.70
ازدادوا	2.57
ازر	2.36
ازري	2.02
ازفت	2.18
ازكي	2.77
ازلفت	1.46
ازواج	3.68
ازواجا	3.06
ازواجك	2.32
ازواجكم	2.38
ازواجنا	2.67
ازواجه	2.51
ازواجهم	3.42
ازواجهن	3.45
ازيد	3.54
اساء	3.85
اساءوا	3.16
اساتم	2.16
اساري	1.80
اساطير	3.70
اسالك	4.54
اسالكم	3.16
اساور	3.01
اسباب	4.96
اسباطا	0.00
استاجرت	3.05
استاجره	2.46
استاذن	2.77
استاذنك	2.06
استاذنوك	0.00
استبدال	4.08
استبرق	1.90
استجابوا	3.05
استجارك	1.77
استجب	2.74
استجيب	2.60
استجيبوا	2.26
استحبوا	1.47
استحفظوا	0.00
استحق	3.55
استحقا	1.45
استحوذ	3.46
استحياء	2.62
استخرجها	2.11
استخلصه	1.50
استخلف	2.41
استرق	2.11
استزلهم	1.48
استسقاه	0.00
استسقي	1.77
استضعفوا	2.28
استضعفوني	0.00
استطاع	4.61
استطاعوا	3.79
استطعت	4.48
استطعتم	3.26
استطعما	0.00
استطعنا	3.80
استعجالهم	1.67
استعجلتم	1.29
استعلي	1.55
استعينوا	2.39
استغفار	2.58
استغفر	3.29
استغفرت	2.11
استغفروا	2.67
استغني	2.97
استقاموا	2.80
استقر	3.96
استكانوا	2.03
استكبارا	1.68
استكبر	2.12
استكبرت	1.63
استكبرتم	0.00
استكبروا	2.25
استكثرتم	0.00
استمتع	4.14
استمتعتم	2.41
استمسك	2.40
استمع	4.09
استمعوه	1.31
استنصره	1.04
استنصروكم	1.75
استنكفوا	0.00
استهزي	1.95
استهزيوا	0.00
استهوته	2.03
استوقد	1.32
استوي	3.09
استويت	1.85
استويتم	1.16
استياس	1.76
استياسوا	0.00
استيسر	0.00
اسجدوا	2.37
اسحاق	4.24
اسحر	1.93
اسخط	2.23
اسر	4.23
اسرارا	1.78
اسرارهم	2.10
اسرافا	2.01
اسراييل	5.32
اسرع	4.57
اسرف	2.59
اسرفوا	2.53
اسرهم	3.86
اسروا	2.78
اسري	3.83
اسس	4.49
اسطاعوا	1.18
اسفا	2.99
اسفارا	1.94
اسفارنا	1.76
اسفر	4.21
اسفل	4.57
اسفونا	1.36
اسفي	2.57
اسكن	3.12
اسكنت	2.27
اسكنوا	1.87
اسكنوهن	0.00
اسلامكم	1.83
اسلامهم	2.72
اسلحتكم	2.03
اسلحتهم	3.58
اسلفت	2.33
اسلفتم	1.80
اسلك	2.82
اسلم	4.13
اسلما	1.84
اسلمت	3.32
اسلمنا	2.30
اسلموا	3.05
اسم	5.40
اسماء	4.97
اسماعيل	4.67
اسمايه	2.88
اسمع	4.42
اسمعهم	2.34
اسمه	5.09
اسن	2.08
اسوا	4.87
اسودت	2.38
اسوره	1.92
اسوه	3.49
اسي	2.71
اشاء	3.05
اشتاتا	1.84
اشتدت	3.38
اشتراه	3.15
اشتروا	3.29
اشتري	4.00
اشتملت	3.46
اشتهت	2.12
اشحه	1.04
اشد	4.55
اشداء	3.13
اشدد	2.21
اشدكم	1.16
اشده	2.88
اشدهما	1.77
اشر	3.43
اشراطها	1.88
اشرح	3.67
اشرك	3.16
اشركت	2.59
اشركتم	1.25
اشركتمون	0.00
اشركنا	1.66
اشركوا	2.61
اشق	3.08
اشقاها	1.74
اشكر	4.03
اشكو	3.06
اشمازت	1.68
اشهد	3.81
اشهدتهم	1.44
اشهدوا	2.25
اشهر	5.30
اشياء	4.96
اشياءهم	2.33
اشياعكم	0.00
اصاب	4.21
اصابت	3.80
اصابتكم	1.99
اصابته	3.49
اصابتهم	3.22
اصابعهم	2.86
اصابك	3.55
اصابكم	2.62
اصابه	3.76
اصابها	3.40
اصابهم	3.44
اصب	2.73
اصبتم	2.19
اصبح	5.42
اصبحوا	4.14
اصبر	3.21
اصبرهم	1.42
اصبروا	2.70
اصبناهم	1.87
اصحاب	5.18
اصحابهم	2.59
اصدق	4.32
اصدقت	1.95
اصرا	1.96
اصرف	2.85
اصرهم	0.00
اصري	0.00
اصطفاك	2.15
اصطفاه	2.06
اصطفي	2.82
اصطفيتك	1.79
اصطفينا	1.38
اصطفيناه	0.00
اصغر	4.59
اصل	4.99
اصلابكم	1.13
اصلاتك	1.34
اصلاح	4.54
اصلاحا	3.00
اصلاحها	3.36
اصلها	3.71
اصلوها	1.38
اصنام	2.82
اصناما	2.07
اصنامكم	1.48
اصنع	3.69
اصواتكم	2.77
اصواتهم	3.61
اصوافها	1.01
اصولها	3.35
اصيب	4.58
اضاء	3.11
اضاءت	2.85
اضاعوا	2.67
اضحك	3.78
اضرب	3.70
اضربوه	1.80
اضطر	4.17
اضطررتم	1.71
اضطره	2.73
اضعافا	2.94
اضعف	3.99
اضغاث	2.52
اضغانكم	0.00
اضغانهم	1.34
اضل	3.10
اضلانا	1.26
اضللتم	0.00
اضللن	1.35
اضلنا	1.21
اضلني	1.66
اضلوا	1.94
اضلونا	0.00
اضيع	3.26
اطاع	3.04
اطاعونا	1.04
اطرافها	3.37
اطرحوه	1.82
اطعام	3.62
اطعتم	1.26
اطعتموهم	0.00
اطعمه	2.90
اطعمهم	2.57
اطعنا	2.16
اطعنكم	1.26
اطغيته	1.13
اطفاها	2.19
اطلع	4.18
اطلعت	3.51
اطمان	2.84
اطماننتم	0.00
اطمس	1.70
اطمع	2.45
اطهر	2.94
اطوارا	2.17
اطيرنا	1.04
اطيعوا	2.90
اظفركم	1.04
اظلم	3.46
اظن	4.58
اعبد	3.01
اعبدوا	2.83
اعبدوني	0.00
اعتدنا	3.71
اعتدوا	2.99
اعتدي	3.35
اعتدينا	1.01
اعتراك	1.97
اعترفوا	3.31
اعتزلتموهم	1.18
اعتزلهم	1.57
اعتزلوكم	0.00
اعتمر	2.61
اعثرنا	0.00
اعجاز	2.51
اعجب	3.83
اعجبتكم	2.54
اعجبك	3.28
اعجبكم	2.34
اعجزت	2.11
اعجلتم	0.00
اعجلك	1.30
اعجمي	2.49
اعجميا	1.49
اعد	4.62
اعداء	4.35
اعدت	4.12
اعدلوا	2.04
اعذبه	2.08
اعراضا	1.79
اعراضهم	1.86
اعرض	3.79
اعرضتم	1.60
اعرضوا	2.37
اعز	4.03
اعزه	2.68
اعصار	3.91
اعصر	2.29
اعصي	2.23
اعطوا	3.48
اعطي	4.44
اعطيناك	2.51
اعظك	1.76
اعظكم	1.61
اعظم	4.71
اعقابكم	2.33
اعقابنا	1.62
اعلم	5.20
اعلموا	3.06
اعلنت	5.12
اعلنتم	1.65
اعمال	5.23
اعمالا	3.69
اعمالكم	3.28
اعمالنا	3.83
اعمالهم	4.24
اعمامكم	1.09
اعمل	4.54
اعملوا	3.13
اعمي	3.95
اعناب	1.80
اعناق	2.80
اعناقهم	2.81
اعنده	0.00
اعهد	2.45
اعوذ	3.72
اعيبها	1.42
اعيدوا	3.38
اعيذها	1.71
اعين	4.23
اعينكم	2.86
اعينهم	3.89
اعينهن	1.98
اغترف	1.70
اغدوا	1.12
اغرقنا	2.07
اغرقناهم	1.01
اغرقوا	2.40
اغشيت	1.31
اغفر	3.76
اغفلنا	2.47
اغلالا	1.52
اغناهم	1.94
اغنت	2.18
اغني	4.04
اغنياء	3.44
اغويتني	2.16
اغوينا	0.00
اغويناهم	0.00
اغير	3.74
اف	4.35
افاء	1.82
افاتخذتم	0.00
افاصفاكم	0.00
افاض	2.21
افاق	3.33
افاك	2.16
افامن	1.46
افامنتم	0.00
افامنوا	1.67
افان	2.17
افانبيكم	0.00
افانت	2.18
افانتم	0.00
افبالباطل	1.26
افبعذابنا	0.00
افبنعمه	0.00
افبهذا	0.00
افتاتون	1.25
افتتخذونه	1.04
افتح	4.48
افتدت	0.00
افتدي	1.94
افتراء	2.84
افتراه	2.28
افتري	2.74
افتريته	1.23
افترينا	0.00
افتطمعون	1.06
افتعبدون	1.26
افتمارونه	0.00
افتنا	1.50
افتهلكنا	1.48
افتومنون	1.46
افتوني	1.79
افحسب	0.00
افحسبتم	2.04
افحكم	1.96
افرايت	2.41
افرايتم	2.29
افرغ	3.47
افسحر	0.00
افسدوها	1.96
افصح	3.41
افضتم	1.91
افضي	3.00
افطال	1.07
افعصيت	0.00
افعل	4.09
افعيينا	0.00
افغير	1.96
افك	2.75
افكا	1.44
افكلما	0.00
افكهم	1.62
افل	2.49
افلا	3.67
افلت	3.07
افلح	3.59
افلم	2.51
افما	1.40
افمن	2.66
افنان	2.71
افنجعل	1.66
افنضرب	0.00
افهم	4.29
افواجا	2.68
افواههم	3.27
افي	3.23
افيدتهم	2.35
افيده	2.85
افيضوا	2.09
اقامتكم	1.92
اقاموا	3.54
اقبل	4.22
اقبلنا	1.88
اقتت	0.00
اقتتل	1.76
اقتتلوا	2.33
اقتحم	3.78
اقتده	1.80
اقترب	4.10
اقتربت	3.91
اقترفتموها	1.45
اقتل	3.41
اقتلت	1.96
اقتلوا	3.19
اقتلوه	2.20
اقدامكم	3.00
اقدامنا	3.52
اقذفيه	1.26
اقرءوا	2.37
اقرا	4.58
اقرب	4.80
اقربهم	2.44
اقررتم	1.38
اقررنا	1.58
اقريب	1.74
اقسط	1.31
اقسم	4.42
اقسمتم	2.01
اقسموا	2.96
اقصي	4.64
اقضوا	2.26
اقطار	3.68
اقطارها	2.45
اقعدوا	2.00
اقفالها	2.33
اقل	5.37
اقلام	3.65
اقلامهم	2.31
اقلت	2.63
اقلعي	1.92
اقم	3.61
اقمتم	2.02
اقنتي	1.34
اقواتها	1.60
اقول	5.00
اقوم	4.38
اقيموا	2.62
اك	3.03
اكابر	3.20
اكاد	3.54
اكالون	1.46
اكان	3.85
اكبر	5.69
اكبرنه	0.00
اكتالوا	1.73
اكتتبها	1.63
اكتسب	3.54
اكتسبت	3.74
اكتسبن	1.64
اكتسبوا	2.92
اكثر	6.09
اكثركم	2.10
اكثرهم	3.67
اكذبتم	0.00
اكراه	3.28
اكراههن	1.01
اكرمكم	2.87
اكرمن	1.70
اكرمي	1.84
اكره	4.33
اكرهتنا	1.20
اكشف	3.01
اكفاركم	1.20
اكفر	2.75
اكفرت	1.34
اكفرتم	1.36
اكفره	1.64
اكفلنيها	1.24
اكل	4.37
اكلا	2.48
اكلم	3.09
اكله	3.71
اكلها	3.57
اكمامها	1.80
اكملت	3.83
اكن	4.61
اكنانا	1.04
اكننتم	0.00
اكنه	1.81
اكون	4.94
ال	5.55
الا	5.99
الاء	3.12
الابتر	2.53
الابرار	3.55
الابصار	3.38
الابل	3.89
الابواب	4.46
الابيض	4.94
الاتقي	1.49
الاثم	3.17
الاثمين	2.00
الاثيم	2.02
الاجداث	1.94
الاجل	4.02
الاجلين	1.53
الاحاديث	3.99
الاحبار	2.97
الاحزاب	4.88
الاحسان	3.71
الاحلام	4.36
الاحمال	3.42
الاحياء	4.83
الاخ	4.35
الاخت	3.98
الاختين	2.62
الاخدود	2.98
الاخر	5.29
الاخره	4.33
الاخري	5.49
الاخرين	5.16
الاخسرون	1.56
الاخسرين	1.18
الاخضر	4.65
الاخلاء	2.70
الاخيار	3.50
الادبار	2.74
الادني	4.43
الاذقان	1.41
الاذل	1.80
الاذلين	1.49
الارايك	2.83
الاربه	1.01
الارحام	3.28
الارذلون	1.04
الارض	5.65
الازفه	1.78
الازواج	4.02
الاسباب	4.76
الاسري	4.14
الاسفل	4.41
الاسفلين	1.66
الاسلام	5.33
الاسم	4.89
الاسماء	4.61
الاسواق	4.55
الاسود	4.89
الاشر	2.10
الاشرار	3.80
الاشقي	1.63
الاشهاد	2.72
الاشهر	4.43
الاصباح	2.19
الاصفاد	2.71
الاصلاح	4.60
الاصنام	3.33
الاصوات	4.59
الاطفال	5.43
الاعجمين	0.00
الاعداء	4.29
الاعراب	3.16
الاعراف	3.94
الاعرج	3.27
الاعز	2.74
الاعلون	2.41
الاعلي	5.13
الاعمي	3.81
الاعناق	2.66
الاعين	3.84
الاغلال	2.81
الاغنياء	3.96
الاف	5.02
الافاق	3.56
الافلين	1.55
الافيده	2.62
الاقاويل	2.91
الاقدام	4.23
الاقدمون	2.24
الاقربين	2.63
الاقصي	4.54
الاكبر	4.98
الاكرم	3.08
الاكل	4.35
الاكمام	3.09
الاكمه	1.72
الالباب	3.38
الالهه	4.19
الالواح	3.85
الاليم	3.33
الامانات	2.92
الامانه	4.11
الاماني	3.30
الامثال	3.68
الامد	4.01
الامر	5.75
الامرون	1.92
الامل	4.86
الامم	5.22
الامن	5.37
الامنين	2.74
الاموات	4.03
الاموال	4.80
الامور	5.28
الامي	2.66
الامين	4.63
الاميين	2.80
الان	5.97
الانامل	2.41
الانباء	4.42
الانبياء	4.39
الانثي	4.08
الانثيين	2.02
الانجيل	3.87
الانس	3.38
الانسان	5.64
الانعام	3.68
الانفاق	4.03
الانفال	3.39
الانفس	3.46
الانهار	4.05
الاهله	2.53
الاوتاد	2.72
الاوثان	3.03
الاوفي	2.40
الاول	5.83
الاولون	2.65
الاولي	5.70
الاوليان	1.93
الاولين	3.85
الايات	3.89
الايام	5.20
الايامي	1.96
الايد	2.64
الايدي	4.09
الايكه	2.18
الايمان	4.73
الايمن	4.26
الايه	4.19
الباب	4.91
الباري	3.52
الباس	3.09
الباساء	2.25
الباطل	3.96
الباقين	3.77
البالغه	4.23
البايس	3.58
البحار	4.25
البحر	5.20
البحران	1.80
البحرين	5.19
البدو	4.06
البر	4.41
البرق	3.97
البروج	3.29
البريه	4.51
البسط	3.09
البشر	5.07
البشري	4.67
البشير	3.91
البصر	4.15
البصير	3.24
البطشه	1.13
البطون	2.95
البعث	4.19
البعيد	4.29
البغاء	3.26
البغضاء	2.80
البغي	2.93
البقر	4.10
البقعه	3.91
البكم	2.62
البلاء	3.78
البلاد	5.44
البلاغ	3.79
البلد	5.07
البلده	4.74
البنات	4.49
البنون	2.22
البنين	3.27
البوار	2.31
البيان	4.68
البيت	5.23
البيع	4.32
البينات	2.93
البينه	3.27
البيوت	4.32
التابعين	3.88
التابوت	3.45
التايبون	2.07
التجاره	4.83
التذكره	3.75
التراب	4.25
التراث	4.62
التراقي	2.47
التعفف	2.23
التغابن	2.67
التقتا	1.54
التقوي	3.76
التقي	4.22
التقيتم	1.86
التكاثر	3.41
التلاق	1.83
التماثيل	3.82
التناد	1.77
التناهم	1.54
التناوش	1.48
التنور	3.01
التهلكه	2.96
التواب	3.15
التوابين	2.78
التوب	2.78
التوبه	4.13
التوراه	3.86
التي	6.64
الثابت	4.12
الثاقب	2.77
الثالثه	5.11
الثري	3.41
الثقال	2.08
الثقلان	1.94
الثلاثه	4.96
الثلث	3.79
الثلثان	2.10
الثمرات	2.79
الثمن	4.48
الثواب	3.41
الجاريه	4.22
الجان	3.40
الجاهل	3.44
الجاهلون	2.55
الجاهلين	3.01
الجاهليه	3.86
الجب	2.88
الجبار	3.91
الجبال	4.57
الجبل	4.53
الجحيم	4.08
الجدار	4.46
الجرز	1.98
الجزاء	4.17
الجزيه	3.65
الجلاء	3.40
الجلال	3.42
الجمع	4.15
الجمعان	2.94
الجمعه	5.14
الجمل	4.19
الجميل	4.75
الجن	4.21
الجنات	2.83
الجنب	3.16
الجنتين	2.37
الجنه	4.80
الجنود	4.76
الجهر	3.24
الجوار	4.26
الجوارح	3.24
الجودي	2.38
الجوع	4.31
الجياد	3.03
الحاج	4.46
الحاسبين	1.53
الحافا	1.45
الحافره	1.31
الحاقه	2.84
الحاكمين	3.22
الحامدون	1.83
الحب	5.27
الحبك	1.95
الحج	4.74
الحجاره	4.18
الحجر	4.72
الحجرات	3.50
الحجه	4.33
الحديث	5.28
الحديد	4.76
الحر	4.81
الحرام	4.36
الحرب	5.59
الحرث	3.15
الحرم	4.46
الحرور	1.83
الحريق	4.42
الحزبين	3.57
الحزن	4.50
الحساب	4.68
الحسره	3.34
الحسنات	3.46
الحسنه	4.03
الحسني	3.79
الحسنيين	2.41
الحشر	3.25
الحصيد	1.66
الحطب	3.63
الحطمه	1.74
الحق	5.34
الحقتم	1.48
الحقنا	2.14
الحكام	4.46
الحكم	5.32
الحكمه	4.35
الحكيم	4.41
الحلقوم	2.54
الحلم	4.57
الحليم	4.01
الحليه	3.08
الحمار	4.07
الحمد	4.76
الحميد	4.34
الحمير	3.55
الحميم	3.29
الحميه	3.47
الحناجر	3.18
الحنث	2.79
الحواريون	2.12
الحواريين	2.43
الحوايا	1.45
الحوت	4.10
الحول	3.47
الحي	4.89
الحياه	5.81
الحيوان	4.49
الخاسرون	3.05
الخاسرين	3.38
الخاشعين	2.28
الخاطيون	1.75
الخاطيين	2.37
الخالدون	2.63
الخالدين	2.91
الخالص	3.53
الخالفين	0.00
الخالق	4.21
الخالقون	1.93
الخالقين	2.56
الخاليه	3.77
الخايضين	2.11
الخاينين	2.74
الخبء	1.79
الخبايث	2.35
الخبيث	3.73
الخبيثات	1.83
الخبير	3.95
الخراصون	1.61
الخرطوم	4.22
الخروج	5.06
الخزي	3.45
الخسران	2.84
الخصام	2.99
الخصم	4.15
الخطاب	4.79
الخطفه	1.53
الخلاق	3.36
الخلد	3.43
الخلطاء	1.11
الخلق	4.44
الخلود	3.85
الخمر	4.28
الخناس	2.45
الخنزير	4.09
الخوالف	1.88
الخوف	4.87
الخياط	3.59
الخيام	3.75
الخير	5.24
الخيرات	3.58
الخيره	3.36
الخيط	3.74
الخيل	4.20
الد	3.55
الداخلين	2.65
الدار	4.56
الداع	2.51
الداعي	3.50
الدبر	2.83
الدرجات	4.17
الدرك	3.78
الدعاء	4.38
الدماء	4.46
الدمع	3.43
الدنيا	4.99
الدهر	3.95
الدواب	2.97
الدواير	4.14
الديار	4.00
الدين	5.66
الذباب	3.70
الذكر	4.53
الذكران	1.82
الذكري	4.58
الذكرين	1.73
الذكور	4.46
الذل	3.73
الذله	2.86
الذنب	4.16
الذنوب	3.95
الذهب	4.88
الذي	6.54
الذيب	3.91
الذين	5.99
الر	3.06
الراجفه	1.62
الراحمين	3.54
الرادفه	1.49
الرازقين	2.22
الراس	4.84
الراسخون	2.06
الراشدون	2.72
الراكعون	1.64
الراكعين	2.18
الراي	4.83
الربا	3.42
الربانيون	1.77
الربع	4.24
الربك	0.00
الرجال	5.43
الرجز	2.71
الرجس	2.63
الرجع	2.03
الرجعي	2.88
الرجفه	2.55
الرجيم	3.55
الرحمن	5.12
الرحمه	4.42
الرحيم	4.49
الرزاق	3.88
الرزق	3.92
الرس	3.34
الرسل	3.86
الرسول	4.78
الرسولا	1.54
الرشاد	3.30
الرشد	3.75
الرشيد	4.26
الرضاعه	3.77
الرعاء	1.65
الرعب	4.35
الرعد	3.88
الرفث	1.63
الرفد	1.97
الرقاب	3.08
الرقيب	3.91
الرهب	1.94
الروح	4.77
الروع	2.07
الروم	4.25
الرويا	3.64
الرياح	4.59
الريح	4.31
الزاد	3.16
الزارعون	1.70
الزاني	3.06
الزانيه	2.97
الزاهدين	2.29
الزبانيه	2.33
الزبد	3.19
الزبر	2.19
الزبور	2.60
الزجاجه	3.47
الزراع	2.44
الزرع	3.61
الزقوم	2.18
الزكاه	3.98
الزمناه	1.95
الزنا	3.69
الزوجين	3.96
الزور	4.02
الزينه	3.75
السابقون	3.47
الساجدون	1.79
الساجدين	2.50
الساحر	3.94
الساحرون	1.47
الساخرين	2.33
الساعه	5.35
الساق	3.93
السامري	3.08
السايحون	2.56
السايل	4.24
السبت	4.86
السبع	4.34
السبل	3.99
السبيل	4.20
السبيلا	1.73
الست	4.32
السجل	4.13
السجن	5.12
السجود	3.66
السحاب	4.09
السحت	2.26
السحر	4.48
السحره	3.56
السدره	2.76
السدس	2.80
السدين	1.92
السر	4.55
السراء	3.28
السراير	2.89
السرد	3.74
السعي	4.17
السعير	2.66
السفلي	4.31
السفهاء	3.10
السفينه	4.64
السقايه	2.54
السقف	4.08
السكينه	3.68
السلام	5.56
السلم	4.26
السماء	5.06
السماوات	4.06
السمع	4.18
السموم	4.04
السميع	3.44
السنتكم	2.59
السنتهم	3.18
السنين	4.67
السوء	4.30
السواي	1.08
السوي	2.99
السياره	4.97
السير	4.72
السيل	3.51
السيي	4.00
السييات	3.37
السييه	4.56
الشافعين	1.41
الشاكرين	2.88
الشاهدين	2.81
الشتاء	4.61
الشجر	3.98
الشجره	4.36
الشح	2.87
الشديد	4.78
الشر	4.57
الشراب	3.84
الشرك	3.91
الشعر	5.04
الشعري	3.67
الشفاعه	3.36
الشقه	4.09
الشكور	2.75
الشمال	4.89
الشمس	5.18
الشهاده	4.34
الشهداء	4.65
الشهر	5.02
الشهوات	3.54
الشهور	4.01
الشوكه	3.48
الشياطين	4.25
الشيطان	4.83
الصابرون	2.46
الصابرين	3.29
الصاخه	1.81
الصادقون	2.61
الصادقين	3.33
الصاعقه	3.58
الصاغرين	1.76
الصافنات	1.59
الصافون	1.43
الصالح	4.53
الصالحات	3.53
الصالحون	3.26
الصالحين	4.02
الصبح	4.07
الصحف	4.73
الصخر	3.72
الصخره	3.87
الصدع	3.51
الصدفين	1.60
الصدق	4.02
الصدقات	3.23
الصدور	3.81
الصديق	4.48
الصديقون	2.04
الصراط	3.63
الصرح	3.19
الصفا	3.55
الصفح	3.28
الصلاه	5.06
الصلب	4.28
الصلوات	3.95
الصم	3.47
الصمد	3.84
الصواعق	3.23
الصور	5.18
الصيام	4.11
الصيحه	3.25
الصيد	4.58
الضالون	2.30
الضالين	2.97
الضان	3.19
الضر	3.03
الضراء	2.78
الضرر	4.41
الضعف	4.26
الضعفاء	3.75
الضلال	3.34
الضلاله	3.08
الطارق	3.26
الطاغوت	3.12
الطالب	4.54
الطامه	2.63
الطايفتين	2.75
الطرف	4.59
الطريقه	5.16
الطعام	5.25
الطفل	5.18
الطلاق	4.41
الطور	4.01
الطوفان	3.57
الطول	4.06
الطيب	4.56
الطيبات	3.14
الطير	3.95
الطين	4.19
الظالم	3.99
الظالمون	3.10
الظالمين	3.83
الظانين	1.67
الظل	4.12
الظلمات	3.52
الظله	2.46
الظمان	2.29
الظن	4.07
الظنونا	1.72
الظهيره	3.79
العابدون	2.03
العابدين	4.03
العاجله	3.87
العادون	1.40
العادين	2.09
العاقبه	3.39
العاكف	1.41
العالمون	2.06
العالمين	4.43
العالين	1.72
العاملون	3.73
العاملين	4.70
العباد	4.01
العبد	4.52
العتيق	3.63
العجل	3.53
العداوه	3.34
العده	3.53
العدو	4.69
العذاب	4.08
العرش	4.60
العرم	2.35
العزم	3.86
العزه	3.86
العزيز	5.23
العسر	3.27
العسره	2.40
العشاء	4.47
العشار	2.61
العشير	2.45
العصف	2.83
العظام	4.55
العظم	3.93
العظيم	4.94
العفو	4.80
العقاب	4.29
العقبه	3.85
العقد	4.79
العقيم	2.97
العلقه	2.54
العلم	5.12
العلماء	4.91
العلي	4.21
العليا	5.10
العليم	3.65
العماد	3.55
العمر	5.37
العمي	3.71
العنت	1.94
العنكبوت	4.30
العهد	4.86
العير	2.70
العين	4.97
العيون	4.57
الغابرين	2.42
الغار	3.42
الغاشيه	2.70
الغافرين	1.81
الغافلات	2.20
الغافلون	2.52
الغافلين	3.01
الغالبون	2.60
الغالبين	1.90
الغاوون	2.33
الغاوين	2.12
الغايبين	3.05
الغايط	2.78
الغراب	3.62
الغربي	4.77
الغرفات	1.71
الغرفه	4.68
الغرق	3.83
الغروب	3.86
الغرور	3.63
الغضب	4.61
الغفار	3.57
الغفور	3.60
الغلام	3.43
الغم	2.99
الغمام	2.83
الغني	4.37
الغي	3.33
الغيب	3.84
الغيث	3.54
الغيظ	3.33
الغيوب	2.97
الف	5.44
الفا	4.57
الفاتحين	3.08
الفاحشه	3.53
الفاسقون	2.63
الفاسقين	2.77
الفاصلين	1.47
الفافا	0.00
الفايزون	3.75
الفت	3.56
الفتاح	4.40
الفتح	4.47
الفتنه	4.21
الفتيه	3.47
الفجار	2.91
الفجر	4.59
الفجره	2.72
الفحشاء	3.03
الفرار	4.09
الفراق	3.69
الفرحين	1.88
الفردوس	3.90
الفرقان	3.56
الفريضه	3.25
الفريقين	3.96
الفزع	3.55
الفساد	4.84
الفسوق	2.70
الفصل	4.79
الفضل	4.56
الفقر	4.81
الفقراء	4.46
الفقير	4.09
الفلق	3.05
الفلك	4.09
الفوا	2.53
الفواحش	3.09
الفواد	3.34
الفوز	4.88
الفيتان	1.83
الفيل	4.02
الفين	3.81
الفينا	1.83
الق	3.58
القادر	4.37
القادرون	2.65
القارعه	2.45
القاسطون	1.96
القاضيه	3.87
القاعدون	1.48
القاعدين	2.40
القالين	0.00
القانتين	2.22
القانطين	2.06
القانع	2.17
القاه	3.62
القاها	3.60
القاهر	3.25
القبله	3.95
القبور	4.04
القتال	4.84
القتل	4.86
القتلي	4.29
القدر	4.76
القدس	4.94
القدوس	3.72
القدير	3.83
القديم	5.02
القرار	5.13
القران	5.25
القربي	3.51
القرح	2.58
القرده	3.51
القرنين	3.60
القرون	4.13
القري	4.63
القريتين	2.79
القرين	3.37
القريه	4.83
القسط	3.10
القسمه	3.32
القصاص	3.78
القصص	4.65
القصوي	4.20
القطر	3.74
القلايد	2.54
القلب	5.16
القلوب	4.42
القمر	4.92
القها	2.34
القهار	3.10
القوا	3.52
القواعد	4.65
القول	4.91
القوم	4.43
القوه	5.12
القوي	4.94
القي	4.32
القيا	2.14
القيامه	4.53
القيم	4.70
القيمه	4.55
القيوم	3.31
الكاذبون	2.57
الكاذبين	3.12
الكافر	3.67
الكافرون	3.32
الكافرين	3.59
الكبر	3.71
الكبري	5.03
الكبرياء	3.43
الكبير	5.22
الكتاب	5.47
الكذاب	3.38
الكذب	4.49
الكرب	3.41
الكره	4.92
الكريم	5.13
الكعبه	3.96
الكعبين	2.48
الكفار	3.96
الكفر	4.28
الكفره	3.10
الكفل	2.76
الكفور	1.96
الكلاله	1.49
الكلب	4.49
الكلم	3.10
الكم	4.16
الكنس	2.81
الكنوز	3.66
الكهف	4.24
الكوافر	0.00
الكواكب	4.01
الكوثر	3.27
الكيل	3.56
اللات	3.12
اللاتي	4.16
اللاعبين	4.79
اللاعنون	1.57
اللايي	3.62
اللذين	4.46
اللطيف	4.39
اللعنه	4.00
اللغو	2.99
اللمم	1.82
الله	6.39
اللهب	3.69
اللهم	4.84
اللهو	3.39
اللوامه	2.26
اللولو	3.76
الليل	5.20
الم	4.78
الماء	5.25
الماب	1.84
الماعون	2.27
الماكرين	2.78
المال	5.24
الماهدون	0.00
الماوي	3.52
المباركه	3.74
المبثوث	1.48
المبذرين	2.21
المبطلون	2.48
المبين	3.60
المتربصين	2.64
المتصدقين	2.02
المتطهرين	2.45
المتعال	2.67
المتقون	2.55
المتقين	3.41
المتكبر	2.93
المتكبرين	2.54
المتكلفين	1.86
المتلقيان	0.00
المتنافسون	2.89
المتوكلون	2.08
المتوكلين	2.36
المتين	3.33
المثاني	2.99
المثل	4.28
المثلات	1.31
المثلي	3.72
المجالس	4.08
المجاهدين	4.10
المجرم	4.12
المجرمون	3.63
المجرمين	4.28
المجيبون	1.73
المجيد	4.19
المحال	3.67
المحتظر	1.34
المحراب	3.21
المحرم	3.69
المحسنين	3.40
المحصنات	2.74
المحضرين	2.49
المحيض	2.06
المخاض	3.50
المخبتين	1.91
المخرجين	3.60
المخسرين	0.00
المخلصين	3.64
المخلفون	1.50
المداين	3.17
المدثر	2.88
المدحضين	0.00
المدينه	5.63
المر	3.87
المرء	4.66
المراضع	2.02
المرافق	4.24
المرجومين	1.17
المرسلون	2.30
المرسلين	3.37
المرضي	4.69
المرعي	2.84
المرفود	0.00
المرفوع	3.20
المريض	4.71
المزمل	2.83
المزن	2.45
المس	3.60
المساجد	4.56
المساق	2.58
المسبحون	1.40
المسبحين	2.13
المستاخرين	1.20
المستبين	1.16
المستضعفين	3.57
المستعان	3.33
المستقدمين	1.72
المستقر	3.15
المستقيم	3.91
المستكبرين	2.52
المستهزيين	1.99
المسجد	4.91
المسجور	2.15
المسجونين	3.24
المسحرين	0.00
المسخر	1.81
المسرفين	2.53
المسكنه	2.63
المسكين	4.06
المسلمون	4.68
المسلمين	5.49
المسومه	0.00
المسيء	3.40
المسيح	4.97
المشارق	2.60
المشامه	1.56
المشحون	2.99
المشرق	4.27
المشرقين	2.34
المشركات	1.19
المشركون	3.17
المشركين	3.87
المشعر	3.08
المص	3.09
المصباح	3.72
المصدقين	2.30
المصطفين	2.07
المصلح	3.26
المصلحين	3.31
المصلين	4.05
المصور	4.09
المصير	4.19
المصيطرون	0.00
المضاجع	2.73
المضطر	2.82
المضعفون	1.13
المضغه	2.42
المضلين	2.37
المطمينه	2.82
المطهرون	2.13
المطهرين	1.89
المطوعين	1.46
المعارج	2.72
المعتبين	0.00
المعتدون	2.50
المعتدين	3.66
المعذبين	2.75
المعذرون	1.21
المعروف	4.92
المعز	3.35
المعصرات	1.63
المعلوم	3.47
المعمور	2.62
المعوقين	3.20
المغرب	5.31
المغربين	2.07
المغرقين	1.39
المغشي	1.33
المغضوب	2.63
المغفره	3.65
المفترين	2.20
المفتون	2.41
المفر	2.51
المفسد	2.70
المفسدون	2.55
المفسدين	3.50
المفلحون	2.87
المفلحين	2.09
المقابر	3.88
المقامه	4.06
المقبوحين	1.40
المقتر	1.19
المقتسمين	0.00
المقدس	4.72
المقدسه	4.58
المقربون	2.99
المقربين	4.00
المقسطين	2.48
المقنطره	2.08
المكذبون	2.17
المكذبين	2.75
المكر	3.17
المكرمين	2.65
المكنون	2.75
المكيال	2.33
المكيدون	0.00
الملا	4.06
الملايكه	4.40
الملعونه	3.24
الملقين	1.38
الملك	5.56
الملكين	3.08
المله	3.08
الملوك	4.30
الممات	3.15
الممترين	1.21
المن	3.25
المناد	1.11
المنافقون	3.39
المنافقين	3.89
المنام	3.75
المنتصرين	2.79
المنتظرين	2.72
المنتهي	3.20
المنذرين	2.30
المنزلون	1.44
المنزلين	2.56
المنشات	4.11
المنشيون	1.38
المنصورون	1.26
المنظرين	2.76
المنفوش	2.17
المنكر	4.18
المنون	2.35
المنير	3.04
المهاجرين	4.51
المهاد	2.92
المهتد	1.95
المهتدون	1.75
المهتدي	2.81
المهتدين	2.61
المهد	3.61
المهلكين	1.18
المهيمن	3.36
المهين	3.27
الموءوده	1.38
الموازين	3.43
الموالي	3.73
الموت	5.34
الموته	2.08
الموتي	4.29
الموج	3.54
الموده	3.56
المورود	2.02
الموسع	3.08
الموعود	3.31
الموقده	1.94
الموقنين	1.71
المولود	4.02
المولي	3.87
المومن	4.37
المومنات	3.09
المومنون	3.85
المومنين	4.76
الميت	4.44
الميته	3.86
الميثاق	3.97
الميزان	4.06
الميعاد	3.63
الميل	3.76
الميمنه	3.02
الن	3.80
النادمين	2.03
النار	5.52
الناس	6.06
الناصحين	2.60
الناصرين	1.95
الناظرين	3.26
الناقه	3.07
الناقور	2.00
النبا	1.76
النبوه	3.72
النبي	5.29
النبيون	2.13
النبيين	3.25
النجاه	4.36
النجدين	1.77
النجم	4.56
النجوم	4.71
النجوي	2.45
النحل	4.30
النخل	3.42
النخله	3.48
النخيل	3.95
الندامه	2.73
النذر	2.87
النذير	2.67
النساء	5.37
النسوه	3.74
النسيء	1.65
النشاه	3.55
النشور	2.60
النصاري	3.66
النصب	3.90
النصر	4.72
النصف	4.67
النصير	2.90
النطفه	2.43
النعاس	3.45
النعم	3.73
النعمه	3.93
النعيم	4.11
النفاثات	2.68
النفاق	3.99
النفس	5.06
النفوس	4.14
النكاح	3.31
النمل	4.26
النهار	4.69
النهي	3.35
النور	4.64
النون	3.44
اله	4.69
الها	3.64
الهاكم	1.90
الهالكين	2.80
الهتكم	2.31
الهتنا	2.75
الهتهم	2.84
الهتي	1.67
الهدهد	2.86
الهدي	3.95
الهك	2.98
الهكم	2.83
الهم	3.78
الهه	3.84
الهون	3.16
الهوي	4.01
الهيم	2.33
الهين	3.05
الواح	3.82
الواحد	4.96
الواد	3.65
الوارث	3.34
الوارثون	2.20
الوارثين	2.66
الواعظين	2.35
الواقعه	4.77
الوالدان	3.43
الوالدين	4.24
الوانه	2.98
الوانها	3.09
الوتين	2.25
الوثاق	2.35
الوثقي	3.03
الوجوه	4.25
الوحوش	3.85
الودق	1.85
الودود	3.25
الورد	4.15
الوريد	3.97
الوزن	4.63
الوسطي	4.80
الوسواس	3.47
الوسيله	4.03
الوصيه	3.75
الوعد	4.00
الوعيد	3.15
الوف	2.95
الوقت	5.84
الوقود	4.67
الوكيل	4.24
الولايه	4.67
الولدان	3.12
الولي	3.76
الوهاب	4.41
الويل	3.12
الي	6.91
الياس	3.64
الياقوت	3.35
اليتامي	3.26
اليتيم	3.77
اليس	4.63
اليسر	3.27
اليقين	4.18
اليك	5.23
اليكم	4.50
اليكما	2.09
اليم	3.37
اليما	2.65
اليمين	4.73
الينا	4.84
اليه	5.54
اليها	5.24
اليهم	4.71
اليهن	3.22
اليهود	4.86
اليوم	6.19
ام	5.62
اما	5.65
امات	2.71
اماته	1.96
اماذا	1.08
امام	4.76
اماما	3.60
امامه	4.20
اماناتكم	1.82
امانته	2.85
اماني	3.75
امانيهم	2.44
امتا	1.79
امتحن	2.66
امتعكن	1.37
امتكم	2.50
امتلات	3.51
امتنا	3.68
امثالكم	2.98
امثالها	3.21
امثالهم	2.93
امثلهم	1.62
امدا	2.69
امدكم	1.98
امر	5.44
امرا	4.77
امرات	1.88
امراتك	2.97
امراته	3.22
امراتي	2.79
امراتين	3.31
امراه	5.17
امرت	4.15
امرتك	2.38
امرتني	2.57
امرتهم	2.23
امركم	3.14
امرنا	4.09
امره	4.42
امرها	3.87
امرهم	3.88
امرو	3.20
امروا	3.18
امري	4.07
امسك	3.82
امسكن	1.40
امسكهما	1.69
امشاج	2.34
امشوا	2.38
امضي	3.39
امطرت	3.08
امعاءهم	1.14
امك	4.28
امكثوا	2.06
املا	3.97
املاق	2.14
املك	4.43
امليت	2.00
امم	4.06
امما	2.37
امن	4.92
امنا	4.24
امنت	3.77
امنتكم	1.20
امنتم	2.51
امنكم	1.38
امنه	4.54
امنوا	4.19
امنون	3.01
امنيته	3.21
امنين	3.63
امه	4.55
امها	4.16
امهاتكم	2.80
امهاتهم	3.52
امهلهم	1.83
اموات	3.67
امواتا	3.16
اموال	4.52
اموالا	3.74
اموالكم	3.19
اموالنا	3.57
اموالهم	3.96
اموت	4.23
امين	4.74
اميون	2.67
ان	7.03
انا	5.90
اناء	2.82
اناب	2.50
اناثا	2.82
اناس	4.59
اناه	1.99
انباء	4.38
انباك	1.39
انباهم	1.29
انبايكم	0.00
انبايها	1.50
انبتت	2.34
انبتكم	1.65
انبتنا	1.20
انبعاثهم	1.57
انبعث	2.41
انبنا	1.69
انبياء	3.11
انبيكم	2.51
انبيهم	1.34
انبيوني	1.48
انت	6.03
انتبذت	1.51
انتثرت	1.73
انتصر	3.72
انتظروا	3.82
انتقام	3.76
انتقمنا	1.93
انتم	4.74
انتما	2.79
انتهوا	3.28
انثي	4.32
انجاكم	0.00
انجانا	1.67
انجاهم	1.41
انجيتنا	0.00
انجينا	1.79
انجيناكم	1.04
انحن	2.16
اندادا	2.55
اندعو	0.00
انذر	2.97
انذرتكم	1.68
انذركم	1.26
انذرناكم	1.05
انذرهم	1.71
انذروا	2.04
انزل	4.37
انزلت	3.40
انزلتموه	1.50
انزلنا	3.11
انزلناه	3.09
انزلناها	1.69
انزلني	2.36
انزله	3.48
انس	3.62
انساب	3.16
انسان	4.73
انسانيه	2.33
انست	2.23
انستم	0.00
انسجد	1.20
انسلخ	1.98
انسوكم	1.09
انسيا	2.16
انشا	4.25
انشاء	5.06
انشاتم	1.62
انشاكم	2.12
انشانا	2.96
انشاناه	1.75
انشاناهن	1.67
انشاها	3.68
انشره	2.28
انشزوا	1.38
انشقت	3.01
انصار	4.44
انصارا	2.48
انصاري	2.86
انصتوا	2.97
انصح	3.79
انصرفوا	2.86
انصرني	1.84
انطعم	0.00
انطق	3.11
انطقنا	1.61
انطلقتم	0.00
انطلقوا	3.14
انظر	5.33
انظرنا	1.28
انظرني	1.46
انظروا	3.90
انظرونا	0.00
انعام	2.44
انعاما	1.66
انعامكم	0.00
انعامهم	1.71
انعم	3.70
انعمت	3.03
انعمنا	1.90
انعمها	2.13
انفا	3.50
انفخوا	1.94
انفروا	1.96
انفسكم	4.24
انفسنا	4.59
انفسهم	4.98
انفسهن	3.36
انفصام	3.37
انفضوا	2.24
انفطرت	1.63
انفق	3.62
انفقت	3.69
انفقتم	2.16
انفقوا	2.94
انقص	2.38
انقض	2.78
انقلب	3.68
انقلبتم	1.84
انقلبوا	2.87
انك	5.33
انكاثا	1.13
انكالا	1.08
انكحك	1.51
انكدرت	1.43
انكر	3.97
انكم	4.21
انلزمكموها	1.36
انما	4.92
اننا	5.14
انني	4.43
انه	6.19
انها	5.82
انهار	3.79
انهارا	2.71
انهاكم	1.39
انهكما	0.00
انهم	5.40
انهما	4.41
انهن	2.95
انومن	1.52
اني	5.13
انيب	2.17
انيه	3.23
اهانن	1.44
اهبط	3.05
اهبطا	1.54
اهبطوا	2.28
اهتدوا	2.48
اهتدي	3.03
اهتديت	2.49
اهتديتم	1.80
اهتزت	3.03
اهدك	1.50
اهدكم	1.84
اهدنا	2.84
اهدي	3.30
اهديكم	2.24
اهذا	2.90
اهكذا	2.96
اهل	5.25
اهلك	3.81
اهلكت	2.63
اهلكتهم	2.07
اهلكنا	2.35
اهلكناها	1.90
اهلكناهم	1.90
اهلكني	1.26
اهلنا	3.78
اهله	4.39
اهلها	4.35
اهلهم	3.54
اهلهن	1.69
اهلي	4.12
اهليكم	1.71
اهليهم	2.57
اهم	5.22
اهمتهم	1.04
اهواء	3.04
اهواءكم	1.51
اهواءهم	2.67
اهولاء	2.23
اهون	3.35
اهوي	3.10
او	6.57
اواب	3.05
اواباونا	0.00
اوامن	0.00
اواه	2.41
اوبي	3.06
اوت	3.65
اوتادا	2.18
اوتمن	2.27
اوتوا	3.24
اوتوه	0.00
اوتي	3.38
اوتيت	3.30
اوتيتم	2.41
اوتيته	2.25
اوثانا	1.27
اوجفتم	1.13
اوحي	3.18
اوحيت	2.23
اوحينا	2.70
اوديتهم	1.20
اوديه	3.11
اوذي	2.52
اوذينا	1.46
اورثتموها	1.79
اورثنا	1.67
اورثوا	1.26
اوزار	2.25
اوزارا	1.53
اوزارها	2.97
اوزارهم	1.95
اوزعني	2.11
اوسط	3.00
اوسطهم	1.48
اوعجبتم	0.00
اوعظت	1.14
اوف	4.13
اوفوا	2.47
اوفي	3.29
اوقدوا	1.96
اوكلما	1.31
اول	5.69
اولا	5.12
اولاء	2.35
اولات	1.97
اولادكم	3.15
اولادهم	3.38
اولادهن	2.04
اولاهم	1.83
اولاهما	2.60
اولم	3.47
اولما	1.84
اولو	3.29
اولي	4.73
اولياء	4.12
اولياءه	2.18
اولياوكم	1.53
اولياوه	1.18
اولياوهم	1.21
اوليايكم	0.00
اوليايهم	1.75
اوليس	3.14
اوليك	5.03
اوليكم	1.48
اومن	3.19
اونبيكم	1.08
اوهن	2.45
اووا	1.69
اوي	3.73
اوينا	1.65
اي	6.21
ايا	4.50
ايابهم	1.60
ايات	4.27
اياتك	2.00
اياتنا	2.93
اياته	3.44
اياتها	2.80
اياتي	2.26
اياك	4.13
اياكم	3.31
ايام	5.41
اياما	3.79
ايامركم	1.04
ايان	3.24
ايانا	2.81
اياه	4.67
ايبتغون	1.46
ايت	3.22
ايتك	1.89
ايتنا	1.81
ايتها	3.96
ايتوا	2.21
ايتوني	2.29
ايتيا	1.63
ايتين	2.63
ايحب	2.22
ايحسب	2.09
ايحسبون	0.00
ايد	3.77
ايدتك	1.42
ايدك	2.84
ايدي	4.43
ايديكم	3.84
ايدينا	3.73
ايديهم	4.11
ايديهما	2.25
ايديهن	2.28
ايذا	1.72
ايذن	2.17
ايشركون	1.08
ايطمع	0.00
ايعدكم	1.04
ايفكا	0.00
ايقاظا	1.64
ايكم	3.01
ايلافهم	0.00
ايما	3.51
ايمان	3.65
ايمانا	3.89
ايمانكم	2.85
ايمانه	3.63
ايمانها	2.89
ايمانهم	3.43
ايمانهن	1.01
ايمسكه	1.16
ايمه	4.13
اين	5.11
اينا	2.65
اينكم	1.79
اينما	4.39
ايه	4.69
ايها	5.14
ايهم	3.38
ايوب	4.21
ايود	1.72
باء	3.46
باب	5.13
بابا	4.66
باباينا	2.22
بابراهيم	2.26
بابصارهم	2.23
باتخاذكم	0.00
باثمي	1.22
باحسان	2.95
باحسن	3.74
باحسنها	1.41
باحكم	1.62
باخ	3.10
باخذيه	0.00
باخراج	3.66
باخرين	2.76
باخع	1.95
باخيك	2.65
بادون	1.94
بادي	3.67
باذن	4.91
باذنه	3.19
باذني	2.09
باربعه	3.82
بارجلهن	1.48
بارد	4.32
بارزه	4.10
بارزون	2.81
باركنا	2.80
باريكم	1.28
بازغا	1.60
بازغه	1.64
باس	4.37
باسا	3.00
باسحاق	1.77
باسره	2.54
باسط	2.61
باسطو	0.00
باسقات	1.77
باسكم	1.65
باسم	5.38
باسماء	4.19
باسمايهم	3.21
باسنا	2.32
باسه	2.22
باسهم	2.81
باشروهن	0.00
باشياعهم	1.04
باصحاب	2.83
باطلا	3.50
باطنه	2.79
باعد	2.87
باعدايكم	1.50
باعلم	1.95
باعيننا	2.72
باغ	3.29
بافواهكم	1.52
بافواههم	2.62
باق	3.76
باقيه	3.84
باكواب	1.99
بال	4.52
بالابصار	1.67
بالاثم	2.78
بالاحقاف	1.35
بالاخره	2.92
بالاخسرين	2.06
بالاذن	2.79
بالازلام	1.18
بالاسحار	2.18
بالافق	2.53
بالافك	1.82
بالالقاب	2.93
بالامس	4.49
بالامن	3.87
بالانثي	2.37
بالانف	2.59
بالايات	2.95
بالايمان	3.70
بالباساء	1.72
بالباطل	3.30
بالبخل	2.32
بالبر	3.09
بالبشري	2.13
بالبصر	2.46
بالبنين	2.02
بالبيت	4.09
بالبينات	2.67
بالتقوي	3.10
بالتوراه	2.52
بالتي	3.31
بالجبت	1.84
بالجنب	2.01
بالجنه	3.54
بالجنود	3.06
بالحاد	1.95
بالحج	3.27
بالحجاب	3.62
بالحر	2.84
بالحسنات	2.44
بالحسنه	2.54
بالحسني	2.96
بالحق	4.10
بالحكمه	3.18
بالحياه	4.36
بالخاطيه	1.15
بالخلق	2.87
بالخنس	0.00
بالخير	3.90
بالخيرات	2.68
بالدهن	2.44
بالدين	3.95
بالذكر	4.53
بالذي	3.71
بالذين	3.00
بالرحمن	2.42
بالرسل	2.16
بالروح	3.58
بالساحل	3.05
بالساعه	3.51
بالساق	2.70
بالساهره	0.00
بالسن	3.52
بالسنتكم	1.79
بالسنتهم	2.46
بالسنه	3.59
بالسنين	2.53
بالسوء	3.78
بالسوق	3.60
بالسييه	2.56
بالشاكرين	1.37
بالشر	3.23
بالشفق	1.49
بالشمس	3.28
بالشهاده	3.25
بالشهداء	2.38
بالشهر	3.51
بالصالحين	2.51
بالصبر	3.82
بالصدق	3.19
بالصلاه	3.85
بالطاغوت	2.47
بالطاغيه	1.98
بالطيب	2.78
بالظالمين	2.18
بالعباد	2.64
بالعبد	2.31
بالعدل	3.61
بالعدوه	1.76
بالعذاب	2.89
بالعراء	2.49
بالعرف	2.62
بالعروه	2.43
بالعشي	2.29
بالعصبه	1.76
بالعقود	2.60
بالعمره	2.01
بالعهد	3.12
بالعين	3.93
بالغ	4.28
بالغداه	2.20
بالغدو	2.38
بالغمام	1.70
بالغه	4.26
بالغوه	1.23
بالغيب	3.11
بالغيه	1.28
بالف	3.92
بالفتح	2.96
بالفحشاء	2.33
بالقارعه	1.06
بالقران	3.84
بالقسط	2.91
بالقسطاس	1.74
بالقعود	1.41
بالقلم	3.20
بالقول	4.18
بالكافرين	1.92
بالكتاب	3.73
بالكفر	3.39
باللغو	2.25
بالله	4.94
بالليل	3.97
بالمتقين	1.44
بالمجرمين	2.45
بالمرحمه	1.69
بالمعتدين	1.53
بالمعروف	4.17
بالمغفره	2.77
بالمفسدين	1.69
بالملا	1.78
بالملايكه	2.58
بالملك	3.40
بالمن	2.18
بالمنكر	2.30
بالمهتدين	2.22
بالموده	2.54
بالمومنين	2.93
بالناس	4.26
بالناصيه	1.31
بالنبيين	1.77
بالنذر	2.47
بالنفس	3.99
بالنهار	3.45
بالنواصي	1.72
بالهتنا	1.54
بالهدي	2.81
بالهزل	1.83
بالهم	3.28
بالواد	1.67
بالوحي	2.54
بالوصيد	1.18
بالوعيد	1.63
باليمين	3.21
باليوم	4.27
بامامهم	1.89
بامانيكم	1.28
بامر	4.44
بامرنا	2.61
بامره	3.62
بامرهم	2.62
باموال	3.44
باموالكم	2.42
باموالهم	2.82
بان	5.89
بانا	2.88
بانعام	1.32
بانعم	2.28
بانفسهم	4.07
بانفسهن	2.45
بانكم	3.35
باننا	4.40
بانه	5.44
بانهم	4.77
بانيه	2.33
باهدي	1.44
باهلك	2.48
باهلكم	1.64
باهله	3.08
باهوايهم	1.42
باوعيتهم	0.00
باي	5.00
بايات	3.33
باياتنا	2.82
باياته	2.08
باياتي	1.48
بايام	3.68
بايد	3.00
بايدي	3.69
بايديكم	2.88
بايدينا	3.32
بايديهم	3.45
بايعتم	1.47
بايمان	2.92
بايمانكم	1.41
بايمانهم	2.51
بايمانهن	0.00
بايه	2.98
باييكم	1.34
ببابل	1.80
بباسط	1.64
ببالغه	1.04
ببالغيه	1.20
ببدر	2.22
ببدنك	1.71
ببضاعه	1.92
ببطن	2.69
ببعض	4.75
ببعضها	3.85
ببعيد	3.17
ببغيهم	1.11
ببكه	2.08
ببني	3.17
ببنيه	1.79
ببهتان	1.36
ببيعكم	1.58
ببينه	1.83
بتابع	2.19
بتاركي	1.28
بتاويل	2.24
بتاويله	1.64
بتحيه	2.99
بث	4.87
بثالث	2.32
بثلاثه	4.12
بثمره	1.61
بثمن	3.95
بثي	2.16
بجالوت	1.23
بجانب	4.86
بجانبه	3.92
بجبار	1.67
بجذع	2.46
بجناحيه	2.30
بجنتيهم	1.13
بجنود	2.89
بجنوده	2.40
بجهازهم	1.58
بجهاله	2.55
بجهنم	2.39
بحاملين	1.16
بحبل	3.36
بحجاره	2.67
بحديث	3.26
بحر	4.62
بحرب	3.63
بحسبان	2.26
بحفيظ	1.49
بحق	5.05
بحكمه	2.86
بحمد	3.52
بحمدك	2.40
بحمده	2.72
بحور	3.22
بحيره	4.36
بخارج	2.51
بخارجين	1.92
بخازنين	1.21
بخالصه	1.09
بخبر	3.68
بخس	3.09
بخسا	2.08
بخل	2.93
بخلاقكم	0.00
بخلاقهم	0.00
بخلق	3.72
بخلقهن	1.29
بخلوا	1.92
بخمرهن	2.29
بخمسه	3.86
بخير	5.08
بخيلك	1.60
بدءوكم	0.00
بدا	5.43
بداكم	1.11
بدانا	4.19
بدت	4.29
بدخان	2.53
بدعا	2.55
بدعاء	3.03
بدعايك	2.18
بدل	4.64
بدلا	5.19
بدلنا	2.56
بدلناهم	1.88
بدله	3.04
بدلوا	2.95
بدم	3.80
بديع	3.99
بدين	3.57
بدينار	2.48
بدينكم	1.94
بذات	3.97
بذبح	3.29
بذكر	3.96
بذكرهم	2.15
بذلك	5.33
بذنبه	2.73
بذنبهم	2.09
بذنوب	2.20
بذنوبكم	1.19
بذنوبنا	2.22
بذنوبهم	2.39
برءوسكم	1.18
براء	3.41
براءه	4.23
برادي	3.22
برازقين	0.00
براس	3.89
براسي	2.71
برب	3.27
بربك	3.94
بربكم	3.36
بربنا	2.42
بربه	3.05
بربهم	2.79
بربوه	1.34
بربي	2.66
برجال	3.64
برجلك	2.58
برحمتك	3.38
برحمتنا	1.53
برحمته	3.23
برحمه	3.03
برد	4.11
بردا	3.15
بردهن	0.00
برره	2.18
برزخ	2.88
برزخا	1.97
برزق	2.30
برزوا	2.53
برسالاتي	1.34
برسل	2.54
برسلنا	0.00
برسلي	2.02
برسول	2.78
برسوله	2.39
برسولهم	1.13
برشيد	2.78
برق	3.56
برقه	2.44
بركات	4.10
بركنه	1.29
برهان	3.84
برهانان	1.03
برهانكم	2.30
بروج	3.08
بروجا	2.77
بروح	4.07
بريء	3.93
بريح	2.58
برييا	3.34
برييون	2.25
بزعمهم	2.24
بزينه	2.70
بسا	2.12
بساحتهم	1.47
بساطا	2.34
بسبب	5.80
بسحر	3.08
بسحرك	1.84
بسحره	2.30
بسحرهما	0.00
بسخط	2.52
بسط	3.69
بسطت	2.95
بسطه	2.67
بسكاري	2.22
بسلام	4.31
بسلطان	2.94
بسم	4.22
بسمعهم	1.47
بسوء	4.09
بسوال	3.65
بسور	2.86
بسوره	2.81
بسيماهم	2.29
بشر	4.45
بشرا	3.69
بشراكم	1.68
بشرر	1.95
بشركايهم	1.60
بشرككم	1.37
بشرناك	0.00
بشري	4.07
بشق	3.49
بشماله	2.56
بشهاب	1.83
بشهاداتهم	2.21
بشهيد	2.06
بشيء	4.57
بشير	4.15
بشيرا	2.72
بصاحبكم	0.00
بصاحبهم	1.48
بصاير	2.81
بصحاف	1.39
بصدقه	2.66
بصدقهم	1.80
بصرت	1.63
بصره	3.59
بصلاتك	2.18
بصوتك	2.87
بصير	3.66
بصيرا	3.09
بصيره	3.46
بضارهم	1.34
بضارين	1.34
بضاعتنا	2.11
بضاعتهم	2.57
بضاعه	3.55
بضر	2.31
بضع	4.59
بضنين	0.00
بضياء	2.26
بطارد	1.73
بطانه	3.55
بطاينها	1.55
بطرا	1.85
بطرت	1.20
بطريقتكم	2.04
بطش	3.46
بطشا	1.84
بطشتم	1.68
بطشتنا	0.00
بطغواها	0.00
بطن	4.11
بطنه	3.67
بطني	3.58
بطون	3.54
بطونه	1.39
بطونها	2.61
بطونهم	3.03
بظاهر	2.51
بظلام	2.51
بظلم	2.89
بظلمهم	1.93
بعاد	2.39
بعالمين	1.64
بعبادتهم	1.48
بعباده	3.06
بعبادي	1.67
بعبده	2.73
بعث	4.02
بعثر	2.45
بعثرت	2.40
بعثكم	1.44
بعثنا	2.63
بعثناكم	0.00
بعثناهم	1.48
بعثه	3.22
بعجل	2.41
بعد	6.43
بعدا	3.73
بعدت	2.87
بعدتهم	1.31
بعدك	3.88
بعدكم	2.77
بعدما	4.91
بعده	4.65
بعدها	5.21
بعدهم	3.78
بعدهن	1.97
بعدي	3.81
بعذاب	3.03
بعذابكم	1.63
بعرشها	1.40
بعزه	3.15
بعزيز	2.54
بعشر	3.70
بعصاك	2.30
بعصم	0.00
بعض	6.16
بعضا	4.56
بعضكم	3.87
بعضنا	4.39
بعضه	3.82
بعضها	4.86
بعضهم	5.06
بعظم	2.64
بعلا	1.99
بعلم	3.88
بعلمه	3.08
بعلها	2.44
بعلي	2.93
بعهد	3.30
بعهدكم	1.63
بعهده	2.73
بعهدهم	1.79
بعهدي	1.98
بعوره	1.98
بعوضه	3.03
بعولتهن	1.47
بعيد	5.08
بعيدا	5.08
بعير	3.07
بعيسي	2.13
بغافل	2.31
بغايبين	0.00
بغت	2.39
بغته	3.19
بغرور	2.56
بغضب	3.47
بغلام	2.20
بغم	2.03
بغي	2.85
بغيا	2.51
بغير	4.47
بغيظكم	2.20
بغيظهم	1.84
بغيكم	1.36
بفاتنين	0.00
بفاحشه	1.80
بفاكهه	2.10
بفضل	4.74
بقادر	2.34
بقبس	1.61
بقبول	3.78
بقدر	4.89
بقدرها	2.28
بقرات	2.29
بقران	1.80
بقربان	1.67
بقره	3.63
بقريب	2.50
بقطع	4.30
بقلب	3.83
بقلها	1.85
بقميصي	1.92
بقنطار	0.00
بقول	4.09
بقوم	3.34
بقوه	4.78
بقي	4.77
بقيت	4.52
بقيعه	1.37
بقيه	4.82
بك	5.66
بكاس	3.92
بكاف	2.49
بكافرين	1.56
بكاهن	1.92
بكت	3.62
بكتاب	3.69
بكتابكم	0.00
بكتابي	2.27
بكر	4.68
بكره	4.17
بكفرك	1.41
بكفرهم	2.02
بكل	5.51
بكلمات	4.07
بكلماته	2.81
بكلمه	4.42
بكم	4.84
بكيدهن	1.04
بل	5.71
بلاء	3.95
بلاغ	3.92
بلاغا	3.34
بلحيتي	1.69
بلد	4.83
بلدا	4.00
بلده	4.80
بلسان	3.52
بلسانك	2.82
بلغ	4.81
بلغا	2.32
بلغت	4.78
بلغن	2.05
بلغني	3.28
بلغوا	3.39
بلقاء	3.62
بلونا	1.68
بلوناهم	1.44
بلي	4.04
بليغا	2.79
بليل	3.06
بم	3.55
بما	5.81
بماء	3.76
بمال	3.33
بمبعوثين	1.51
بمثل	4.39
بمثله	3.21
بمثلها	3.06
بمجنون	2.51
بمخرجين	1.85
بمزحزحه	0.00
بمسبوقين	1.04
بمستيقنين	0.00
بمسمع	1.63
بمصابيح	2.71
بمصر	4.37
بمصرخكم	0.00
بمصرخي	0.00
بمصيطر	0.00
بمعجز	1.59
بمعجزين	1.82
بمعذبين	1.04
بمعروف	3.00
بمغفره	2.12
بمفازتهم	0.00
بمفازه	1.25
بمقدار	4.22
بمقعدهم	0.00
بمكرهن	0.00
بملكنا	1.66
بملوم	0.00
بمن	4.57
بمنشرين	0.00
بمواقع	3.50
بموسي	2.79
بمومن	1.97
بمومنين	2.27
بميت	2.90
بميتين	1.62
بميثاقهم	0.00
بنا	5.03
بناء	5.41
بنات	4.88
بناتك	2.98
بناتي	3.28
بناصيتها	2.26
بنان	2.70
بنانه	1.98
بناها	3.42
بنبا	2.03
بنخل	1.74
بنصب	3.27
بنصر	3.14
بنصره	2.90
بنعمت	0.00
بنعمته	2.82
بنعمه	3.35
بنفسك	4.82
بنميم	1.94
بنهر	3.05
بنو	4.03
بنوا	3.62
بنور	3.73
بنورهم	1.87
بنون	2.97
بني	5.15
بنيان	3.42
بنيانا	1.86
بنيانه	2.52
بنيانهم	2.04
بنين	3.94
بنيناها	2.40
بنيه	3.20
به	6.05
بها	5.97
بهاد	2.15
بهادي	1.90
بهتان	2.71
بهتانا	2.52
بهجه	3.70
بهديتكم	1.55
بهديه	3.06
بهذا	5.33
بهم	5.24
بهما	4.14
بهن	3.79
بهيج	3.14
بهيمه	2.84
بواحده	3.70
بواد	2.62
بوالدتي	2.44
بوالديه	2.87
بوانا	1.70
بوجهه	3.63
بوجوهكم	1.76
بورا	3.41
بورقكم	1.53
بورك	3.43
بوكيل	2.71
بولده	2.62
بولدها	2.52
بي	5.58
بياتا	2.26
بيان	4.89
بيانه	3.47
بيت	5.27
بيتا	4.30
بيتك	4.30
بيته	4.42
بيتها	3.98
بيتي	4.37
بيحيي	2.29
بيد	4.71
بيدك	3.91
بيده	4.34
بيدي	4.14
بيس	3.95
بيسما	1.42
بيض	4.17
بيضاء	4.49
بيع	4.99
بيمينك	2.49
بيمينه	3.04
بين	6.35
بينا	3.85
بينات	3.13
بيناه	1.78
بينت	3.87
بينك	4.29
بينكم	4.00
بيننا	4.79
بينه	4.46
بينها	4.80
بينهم	5.11
بينهما	4.82
بينهن	3.36
بيني	4.60
بيوت	4.45
بيوتا	3.14
بيوتكم	3.23
بيوتكن	2.28
بيوتنا	3.62
بيوتهم	3.91
بيوتهن	2.85
بيوسف	2.65
بيوم	4.45
بييس	1.91
تاب	3.65
تابا	2.14
تابوا	2.78
تاتنا	1.95
تاتهم	1.55
تاتوا	2.55
تاتوننا	0.00
تاتوني	1.78
تاتي	5.01
تاتيكم	2.52
تاتينا	3.06
تاتيهم	2.82
تاثيم	0.00
تاثيما	1.36
تاجرني	1.15
تاخذ	4.71
تاخذكم	2.41
تاخذه	3.62
تاخذهم	2.71
تاخذوا	3.02
تاخذونه	1.91
تاخذونها	1.79
تاخر	4.41
تاذن	2.92
تارك	3.19
تاره	3.58
تاس	3.03
تاسوا	1.82
تاكل	4.23
تاكله	3.40
تاكلوا	3.02
تاكلون	2.81
تاكلوها	1.51
تالله	2.64
تالمون	2.15
تامرك	2.21
تامرنا	2.58
تامرهم	2.19
تامرون	2.45
تامروننا	0.00
تامروني	1.33
تامرين	2.03
تامنا	1.70
تامنه	1.99
تاويل	3.16
تاويلا	2.35
تاويله	2.45
تايبات	1.28
تباب	1.99
تبارا	1.36
تبارك	4.08
تباشروهن	0.00
تبايعتم	1.46
تبت	3.20
تبتغوا	1.13
تبتغون	1.51
تبتغي	2.74
تبتم	2.01
تبتيس	2.09
تبتيلا	1.63
تبخسوا	2.02
تبخلوا	2.47
تبد	3.18
تبدل	3.61
تبدوا	3.38
تبدون	2.46
تبدونها	0.00
تبدوه	1.68
تبديل	3.97
تبديلا	2.84
تبذر	2.53
تبذيرا	2.27
تبرءوا	1.39
تبرا	3.24
تبرانا	1.29
تبرج	2.58
تبرجن	1.76
تبرنا	0.00
تبروا	1.62
تبروهم	2.21
تبسطها	2.01
تبسل	1.16
تبشرون	1.36
تبصره	2.46
تبصرون	2.55
تبطلوا	2.03
تبع	3.99
تبعا	4.25
تبعثون	1.83
تبعك	2.80
تبعني	2.32
تبعوا	2.32
تبغ	2.95
تبغوا	2.10
تبغونها	1.04
تبغي	2.96
تبقي	4.28
تبكون	2.52
تبلغ	4.78
تبلو	1.61
تبلي	3.02
تبوء	2.48
تبوءوا	0.00
تبوا	1.56
تبور	2.33
تبوي	1.47
تبيانا	1.74
تبيد	2.58
تبيض	3.31
تبيعا	1.55
تبين	4.76
تبينت	2.80
تتبدلوا	1.51
تتبع	4.66
تتبعان	2.02
تتبعن	1.22
تتبعها	3.79
تتبعوا	3.06
تتبعون	2.60
تتبعونا	1.12
تتبيب	0.00
تتبيرا	1.11
تتجافي	2.17
تتخذ	4.31
تتخذوا	2.91
تتخذون	2.14
تتذكرون	3.10
تتركه	3.59
تتركوا	2.90
تتري	2.28
تتفرقوا	2.17
تتفكروا	1.44
تتفكرون	1.90
تتقلب	2.99
تتقوا	2.25
تتقون	2.93
تتكبر	2.35
تتلو	2.87
تتلون	2.67
تتلي	2.89
تتماري	0.00
تتمنوا	2.20
تتناجوا	1.26
تتنزل	2.69
تتوبا	1.53
تتوفاهم	1.80
تتولوا	2.26
تثبيتا	2.17
تثريب	2.12
تثقفنهم	1.04
تثير	4.29
تجادل	3.55
تجادلك	1.97
تجادلوا	2.20
تجارتهم	2.81
تجاره	4.60
تجاروا	0.00
تجارون	1.72
تجتنبوا	1.94
تجد	5.02
تجدوا	3.57
تجدوه	2.98
تجرمون	1.29
تجري	4.64
تجريان	2.04
تجزون	2.08
تجزي	2.09
تجسسوا	2.31
تجعل	4.89
تجعلنا	3.83
تجعلني	4.30
تجعلوا	3.13
تجعلونه	1.57
تجلي	3.19
تجمعوا	3.70
تجهر	2.17
تجهروا	1.90
تجهلون	2.33
تجوع	2.86
تحاجون	0.00
تحاضون	0.00
تحاوركما	1.70
تحبرون	1.25
تحبسونهما	0.00
تحبط	2.93
تحبوا	2.84
تحبون	3.83
تحبونها	2.50
تحبونهم	2.21
تحت	5.87
تحتك	3.13
تحته	3.68
تحتها	3.98
تحتهم	2.75
تحتي	3.11
تحدث	5.17
تحذرون	1.41
تحرثون	1.42
تحرص	3.47
تحرك	4.47
تحرم	3.77
تحرموا	2.39
تحروا	2.45
تحرير	4.94
تحزن	3.57
تحزنوا	2.66
تحزنون	1.99
تحزني	3.21
تحس	3.94
تحسب	3.94
تحسبن	2.75
تحسبنهم	1.25
تحسبها	2.59
تحسبهم	2.27
تحسبوه	1.98
تحسدوننا	0.00
تحسنوا	2.46
تحسونهم	1.25
تحشرون	2.22
تحصنا	1.76
تحصنون	1.29
تحصوه	0.00
تحصوها	2.30
تحط	3.49
تحكم	4.50
تحكموا	2.86
تحكمون	2.68
تحل	4.30
تحلقوا	1.97
تحله	2.36
تحلوا	2.58
تحمل	5.19
تحملنا	3.00
تحمله	4.07
تحملون	2.73
تحنث	1.81
تحويلا	2.44
تحيتهم	2.16
تحيد	2.98
تحيطوا	1.19
تحيه	4.34
تحيون	1.92
تحيي	3.63
تخاصم	2.46
تخاطبني	2.05
تخاف	4.18
تخافا	2.03
تخافت	1.67
تخافن	1.84
تخافوا	3.06
تخافون	2.96
تخافونهم	0.00
تخافوهم	1.81
تخافي	3.11
تخالطوهم	0.00
تختانون	0.00
تختصموا	0.00
تختصمون	1.28
تختلفون	2.38
تخرج	4.79
تخرجوا	3.34
تخرجون	3.45
تخرجوهن	0.00
تخرصون	0.00
تخرق	3.22
تخزنا	1.60
تخزني	1.94
تخزون	1.15
تخسروا	2.44
تخسير	1.53
تخشاه	2.95
تخشع	2.46
تخشوا	2.33
تخشون	2.52
تخشوه	1.63
تخشوهم	1.17
تخشي	4.01
تخضعن	2.15
تخطه	2.18
تخف	3.82
تخفوا	2.20
تخفون	2.28
تخفوه	1.90
تخفوها	1.82
تخفي	4.05
تخفيف	4.23
تخلدون	1.64
تخلف	3.97
تخلفه	2.59
تخلق	4.07
تخلقونه	1.08
تخوف	3.43
تخونوا	2.15
تخويفا	2.30
تخيرون	0.00
تداركه	2.60
تداينتم	1.04
تدخرون	0.00
تدخل	4.93
تدخلوا	3.37
تدخلوها	1.82
تدرسون	2.37
تدرك	4.39
تدركه	3.02
تدرون	2.86
تدري	3.96
تدع	4.18
تدعهم	2.34
تدعو	4.42
تدعوا	3.80
تدعون	3.22
تدعونا	2.88
تدعوننا	1.39
تدعونني	1.96
تدعونه	2.36
تدعوهم	2.87
تدعي	4.66
تدمر	4.24
تدميرا	3.22
تدهن	2.83
تدور	4.66
تديرونها	1.24
تذبحوا	1.75
تذر	2.79
تذرن	2.15
تذرني	1.99
تذرهم	1.90
تذروه	2.22
تذكر	4.96
تذكره	4.28
تذكروا	3.93
تذكرون	3.33
تذليلا	1.35
تذهب	4.61
تذهبوا	3.10
تذهبون	2.55
تذهل	2.64
تذودان	0.00
تر	3.89
تراءت	2.03
تراءي	2.66
تراب	3.96
ترابا	2.93
تراض	1.71
تراضوا	1.20
تراضيتم	0.00
تراني	3.97
تراهم	3.57
تراود	2.54
تربص	2.47
تربصوا	1.66
تربصون	1.34
ترتابوا	0.00
ترتدوا	1.87
ترتيلا	2.50
ترثوا	1.02
ترجع	4.37
ترجعون	2.93
ترجعونها	1.29
ترجعوهن	0.00
ترجف	2.46
ترجمون	0.00
ترجو	2.94
ترجون	2.27
ترجوها	1.78
ترجي	2.68
ترحمون	2.39
ترد	4.47
تردن	2.30
تردون	2.52
تردي	3.66
ترزقانه	0.00
ترضاه	2.53
ترضاها	2.13
ترضوا	2.08
ترضون	2.74
ترضونها	1.47
ترضي	3.66
ترفع	4.39
ترفعوا	2.66
ترقب	3.48
ترقي	3.56
ترك	4.93
تركبون	2.08
تركت	4.50
تركتم	2.86
تركتموها	2.07
تركضوا	2.50
تركن	3.09
تركنا	3.77
تركناها	2.50
تركنوا	2.19
تركوا	3.98
ترمي	4.02
ترميهم	2.30
ترن	2.94
ترهبون	2.06
ترهقني	2.27
ترهقها	1.89
ترهقهم	1.92
تروا	3.43
ترون	3.92
ترونها	3.03
ترونهم	2.21
تروها	2.98
تري	5.27
تريحون	1.33
تريد	5.20
تريدون	3.99
ترين	3.90
تريني	3.60
تزال	5.03
تزاور	1.48
تزد	3.23
تزداد	4.35
تزدري	2.20
تزر	2.74
تزرعون	2.16
تزرعونه	1.44
تزعمون	2.56
تزغ	2.19
تزكوا	1.69
تزكي	2.50
تزولا	1.93
تزيدونني	1.08
تزيلوا	1.55
تساءلون	1.43
تساقط	3.96
تسال	4.56
تسالن	1.83
تسالني	3.83
تسالهم	2.82
تسالوا	2.91
تسالون	2.77
تساموا	0.00
تسبح	3.66
تسبحون	1.87
تسبق	3.80
تسبوا	2.64
تسبيحهم	2.11
تستاخرون	0.00
تستانسوا	1.96
تستترون	1.50
تستخفونها	0.00
تسترضعوا	0.00
تستطع	4.33
تستطيع	5.12
تستطيعوا	3.24
تستطيعون	3.52
تستعجل	3.08
تستعجلون	2.28
تستعجلوه	1.76
تستغفر	2.53
تستغفرون	1.34
تستغيثون	1.81
تستفت	0.00
تستفتحوا	1.26
تستفتيان	1.44
تستقدمون	0.00
تستقسموا	0.00
تستكبرون	1.72
تستكثر	2.13
تستمعون	2.31
تستهزيون	1.92
تستوي	2.83
تسجد	2.92
تسجدوا	1.78
تسحرون	1.50
تسخروا	2.12
تسخرون	2.07
تسر	3.52
تسرحون	1.55
تسرفوا	2.40
تسرون	1.79
تسريح	3.41
تسطع	2.83
تسع	4.31
تسعا	2.70
تسعه	4.66
تسعي	4.58
تسفكون	1.54
تسقط	4.41
تسقي	2.87
تسكن	4.07
تسكنون	2.08
تسلمون	2.01
تسليما	3.35
تسمع	4.54
تسمعوا	3.12
تسمعون	3.50
تسمي	4.70
تسميه	4.30
تسنيم	3.12
تسوروا	1.01
تسوكم	1.67
تسوهم	1.49
تسوي	3.34
تسيمون	1.34
تشاء	4.18
تشاءون	2.47
تشابه	3.84
تشابهت	2.66
تشاقون	0.00
تشتروا	2.52
تشتهي	3.45
تشتهيه	2.73
تشخص	3.06
تشربون	2.59
تشرك	3.01
تشركوا	2.57
تشركون	2.00
تشطط	1.32
تشعرون	3.55
تشقق	2.88
تشكروا	1.90
تشكرون	2.75
تشمت	2.50
تشهد	4.34
تشهدون	2.44
تشيع	3.45
تصاحبني	2.07
تصبحون	3.61
تصبر	3.01
تصبروا	2.36
تصبك	2.09
تصبكم	1.42
تصبهم	2.14
تصدق	4.43
تصدقوا	3.37
تصدقون	3.10
تصدون	1.08
تصدونا	0.00
تصدي	3.36
تصديق	3.95
تصرف	4.43
تصرفون	1.90
تصطلون	1.31
تصعدون	1.91
تصعر	1.89
تصف	4.17
تصفون	2.45
تصل	5.07
تصلحوا	1.87
تصلي	3.82
تصنعون	2.95
تصوموا	1.97
تصيبن	2.14
تصيبنا	2.45
تصيبهم	2.56
تصيبوا	2.46
تصير	3.83
تضار	1.95
تضاروهن	0.00
تضحكون	2.93
تضحي	3.47
تضربوا	2.44
تضرعا	2.40
تضرعوا	2.03
تضرونه	0.00
تضروه	1.13
تضع	4.58
تضعوا	2.51
تضعون	2.38
تضل	3.01
تضلوا	2.46
تضليل	3.42
تطرد	3.42
تطع	2.69
تطعمون	1.41
تطعه	1.86
تطعهما	2.06
تطغوا	1.88
تطلع	3.96
تطمين	3.35
تطهرن	1.25
تطهرهم	2.13
تطهيرا	2.45
تطوع	3.59
تطيرنا	1.34
تطيعوا	2.24
تطيعوه	1.70
تطيوها	0.00
تطيوهم	0.00
تظاهرا	2.34
تظاهرون	1.07
تظلم	3.49
تظلموا	2.41
تظلمون	2.38
تظما	1.79
تظن	4.23
تظهرون	2.51
تعاسرتم	0.00
تعالوا	4.06
تعالي	5.12
تعاونوا	2.94
تعبثون	1.93
تعبد	3.41
تعبدوا	2.71
تعبدون	2.91
تعبرون	2.19
تعتدوا	2.04
تعتدونها	0.00
تعتدوها	1.13
تعتذروا	2.29
تعثوا	1.84
تعجب	3.79
تعجبك	3.45
تعجبون	2.18
تعجل	3.22
تعد	5.21
تعدل	3.60
تعدلوا	2.31
تعدنا	2.40
تعدوا	2.95
تعدون	2.61
تعذب	3.37
تعذبهم	2.08
تعرج	2.93
تعرض	5.02
تعرضن	3.30
تعرضوا	4.16
تعرضون	2.43
تعرف	5.29
تعرفهم	3.36
تعري	3.28
تعزموا	0.00
تعضلوهن	1.35
تعظون	1.66
تعفوا	2.08
تعقلون	2.83
تعلم	5.32
تعلمن	2.48
تعلمها	3.61
تعلمهم	3.07
تعلموا	3.88
تعلمون	4.63
تعلمونهم	1.40
تعلمونهن	0.00
تعلموهم	1.55
تعلنون	2.03
تعلوا	2.61
تعمدت	3.14
تعمل	5.40
تعملون	3.67
تعمي	2.64
تعودوا	3.45
تعودون	2.37
تعولوا	1.22
تغتسلوا	1.17
تغرب	3.44
تغرنكم	2.09
تغشاها	1.84
تغفر	3.45
تغفلون	1.69
تغلبون	1.78
تغلوا	1.93
تغمضوا	1.32
تغن	2.41
تغني	4.15
تغيض	1.93
تغيظا	1.48
تفادوهم	0.00
تفاوت	3.26
تفتا	2.22
تفتح	4.47
تفتروا	1.55
تفترون	1.64
تفتنون	1.39
تفتني	2.02
تفثهم	1.31
تفجر	3.68
تفجيرا	2.77
تفرح	3.18
تفرحوا	2.33
تفرحون	2.14
تفرضوا	1.67
تفرق	3.90
تفرقوا	3.27
تفرون	2.09
تفسحوا	1.91
تفسدوا	2.76
تفسقون	0.00
تفسيرا	3.64
تفشلا	1.31
تفصيلا	3.54
تفضحون	1.26
تفضيلا	3.09
تفعل	4.75
تفعلوا	3.22
تفعلون	3.75
تفعلوه	2.56
تفقدون	2.25
تفقهون	2.25
تفكهون	1.26
تفلحوا	2.12
تفلحون	2.87
تفندون	1.44
تفور	2.34
تفيء	2.11
تفيض	3.45
تفيضون	1.42
تق	2.57
تقاتل	3.86
تقاتلوا	2.46
تقاتلون	2.61
تقاتلونهم	0.00
تقاتلوهم	1.50
تقاته	2.52
تقاسموا	2.39
تقاه	1.36
تقبل	4.66
تقبلوا	3.07
تقتلني	3.20
تقتلوا	3.05
تقتلون	2.81
تقتلوه	2.14
تقتلوهم	1.95
تقتيلا	1.63
تقدروا	2.59
تقدم	5.18
تقدموا	3.88
تقدير	4.68
تقديرا	4.03
تقر	3.75
تقربا	2.71
تقربكم	1.64
تقربوا	2.79
تقربون	1.60
تقربوها	1.45
تقربوهن	1.22
تقرضهم	1.09
تقرضوا	1.26
تقسطوا	1.36
تقسموا	1.64
تقشعر	3.11
تقصروا	2.05
تقصص	2.07
تقضي	4.25
تقطع	4.22
تقع	5.03
تقعد	3.12
تقعدوا	2.02
تقف	4.67
تقل	4.62
تقلب	3.72
تقلبهم	1.95
تقلبون	1.47
تقم	4.15
تقنطوا	2.48
تقهر	3.45
تقواهم	1.46
تقول	5.52
تقولن	1.97
تقوله	4.24
تقولوا	3.67
تقولون	3.70
تقوم	5.43
تقوموا	3.24
تقوي	3.63
تقويم	4.13
تقيا	2.94
تقيكم	1.87
تقيموا	2.16
تك	3.84
تكاد	4.17
تكبيرا	2.25
تكتبوه	1.43
تكتبوها	1.58
تكتموا	1.88
تكتمون	2.14
تكتمونه	1.83
تكذبان	2.69
تكذبوا	2.34
تكذبون	2.81
تكذيب	2.76
تكرمون	1.78
تكره	4.09
تكرهوا	2.67
تكسب	3.94
تكسبون	2.11
تكفر	3.04
تكفروا	1.72
تكفرون	2.51
تكلف	3.97
تكلم	4.44
تكلمهم	2.91
تكلمون	1.90
تكليما	1.51
تكن	5.26
تكنزون	1.13
تكون	5.89
تكونا	2.97
تكونن	2.28
تكونوا	4.11
تلاها	3.24
تلاوته	2.97
تلبثوا	1.31
تلبسوا	2.31
تلبسون	2.37
تلبسونها	1.75
تلظي	1.93
تلفح	2.14
تلقاء	3.76
تلقف	2.35
تلقوا	3.75
تلقون	2.65
تلقونه	1.91
تلقوه	2.29
تلقي	4.45
تلك	5.94
تلكم	2.92
تلكما	2.00
تلمزوا	1.79
تلهكم	1.78
تلهي	2.23
تلهيهم	2.33
تلوته	1.36
تلوموني	2.29
تلووا	1.31
تلوون	1.30
تليت	2.70
تلين	3.13
تمار	2.59
تماما	5.37
تمت	5.09
تمترن	1.30
تمترون	1.41
تمتع	3.93
تمتعوا	3.33
تمتعون	1.17
تمدن	2.38
تمر	4.79
تمرحون	1.76
تمسسكم	1.16
تمسسه	1.93
تمسكوا	3.09
تمسكوهن	0.00
تمسنا	1.69
تمسون	2.08
تمسوها	1.65
تمسوهن	1.48
تمش	2.60
تمشون	2.41
تمشي	4.24
تمكرون	0.00
تملك	4.83
تملكهم	2.46
تملكون	3.44
تملي	3.33
تمنعهم	3.03
تمنن	1.80
تمنها	1.94
تمنوا	3.38
تمنون	1.53
تمني	3.95
تمهيدا	3.61
تموت	4.57
تموتن	2.48
تموتون	2.79
تمور	3.00
تميد	2.30
تميز	4.43
تميلوا	2.18
تنابزوا	2.01
تناجيتم	1.36
تنازعتم	1.58
تنازعوا	2.57
تناصرون	1.44
تناله	2.82
تنالوا	2.73
تنبت	3.45
تنبتوا	0.00
تنبيهم	1.26
تنبيونه	0.00
تنتشرون	1.26
تنتصران	1.16
تنته	3.51
تنتهوا	2.05
تنجيكم	1.86
تنحتون	0.00
تنذر	3.23
تنذرهم	1.94
تنزع	3.65
تنزل	4.17
تنزلت	1.97
تنزيل	3.97
تنزيلا	2.24
تنس	4.12
تنسوا	3.92
تنسي	4.55
تنصروا	2.52
تنصرون	2.22
تنصروه	1.57
تنطقون	2.00
تنظرون	2.99
تنفد	3.04
تنفذوا	2.39
تنفذون	2.21
تنفروا	2.21
تنفس	3.95
تنفع	3.97
تنفعكم	1.99
تنفعها	1.96
تنفعهم	2.27
تنفقوا	2.61
تنفقون	2.01
تنقذ	3.71
تنقص	3.54
تنقصوا	1.41
تنقضوا	1.73
تنقم	1.69
تنقمون	1.43
تنكح	2.81
تنكحوا	2.15
تنكحوهن	0.00
تنكرون	2.26
تنكصون	0.00
تنكيلا	2.09
تنهر	2.03
تنهرهما	2.25
تنهون	2.38
تنهي	3.88
تنيا	1.65
تهتدوا	1.81
تهتدون	1.96
تهتز	3.56
تهجرون	1.46
تهدوا	1.58
تهدي	3.07
تهنوا	2.38
تهوي	3.34
تواب	2.24
توابا	2.39
تواخذنا	2.37
تواخذني	2.46
توارت	2.59
تواعدتم	1.72
تواعدوهن	0.00
توبتهم	2.18
توبه	3.51
توبوا	2.77
توتوا	1.93
توتون	1.48
توتونهن	0.00
توتوه	0.00
توتي	3.27
توثرون	1.72
توجل	1.39
توجه	4.53
تود	4.15
تودوا	2.06
توذوا	2.41
توذونني	1.62
تورون	2.30
توزهم	1.53
توسوس	2.29
توصون	1.34
توصيه	3.76
توعدون	2.61
توعظون	1.37
توفاهم	1.98
توفته	1.76
توفتهم	1.16
توفكون	1.77
توفني	1.83
توفون	2.03
توفي	4.80
توفيتني	1.88
توفيقي	2.62
توقدون	1.34
توقنون	1.22
توكلت	3.06
توكلنا	2.63
توكلوا	2.34
توكيدها	1.66
تول	3.17
تولاه	2.63
تولج	2.28
تولوا	3.41
تولون	2.71
تولوهم	2.04
تولي	4.39
توليتم	2.46
تومر	2.78
تومرون	1.96
تومن	4.39
تومنوا	2.99
تومنون	3.03
توويه	1.79
تياسوا	2.29
تيسر	3.53
تيمموا	1.13
ثابت	4.48
ثاقب	2.73
ثالث	4.58
ثاني	4.97
ثاويا	1.19
ثبات	3.90
ثبتناك	1.67
ثبوتها	2.47
ثبورا	1.95
ثجاجا	0.00
ثعبان	3.59
ثقالا	1.64
ثقفتموهم	1.76
ثقفوا	1.78
ثقلت	2.63
ثقيلا	3.60
ثلاث	5.40
ثلاثه	5.52
ثلاثون	3.75
ثلاثين	4.39
ثلثا	2.73
ثلثي	3.63
ثله	3.13
ثم	6.08
ثماني	4.17
ثمانين	3.69
ثمانيه	4.77
ثمر	2.93
ثمرات	3.03
ثمره	3.94
ثمنا	3.88
ثمود	2.89
ثواب	3.57
ثوابا	2.83
ثوب	4.03
ثياب	3.90
ثيابا	3.30
ثيابكم	2.46
ثيابهم	2.77
ثيابهن	2.20
ثيبات	1.25
جاء	5.31
جاءت	4.82
جاءتك	2.34
جاءتكم	2.35
جاءتنا	2.59
جاءته	2.77
جاءتها	2.55
جاءتهم	3.17
جاءك	3.17
جاءكم	3.21
جاءنا	2.98
جاءني	3.47
جاءه	3.43
جاءها	2.58
جاءهم	3.19
جاءوا	3.84
جاءوك	1.97
جاءوكم	1.36
جاءوها	2.00
جابوا	2.63
جاثمين	1.84
جاثيه	2.27
جادلتم	1.29
جادلتنا	1.25
جادلوك	0.00
جار	4.11
جاريه	4.08
جاز	4.14
جاعل	2.33
جاعلك	1.81
جالوت	3.17
جامده	3.49
جامع	4.38
جان	4.52
جانب	5.26
جاهد	3.17
جاهداك	2.08
جاهدوا	2.77
جاهلون	2.34
جاوزا	1.39
جاوزه	1.01
جاير	3.14
جبار	3.76
جبارا	2.74
جبارين	2.34
جبال	4.46
جباههم	2.32
جبل	4.69
جبلا	3.01
جثيا	1.80
جحدوا	1.94
جحيم	3.94
جد	4.62
جدارا	3.22
جدال	3.82
جدالنا	1.69
جدد	4.39
جدر	2.74
جدلا	3.96
جديد	5.62
جديدا	4.79
جذاذا	1.31
جذع	3.57
جذوع	2.91
جذوه	2.57
جراد	3.14
جرحتم	1.84
جرزا	1.61
جرف	3.43
جرم	3.90
جزء	5.30
جزءا	4.87
جزاء	4.22
جزاوكم	1.11
جزاوه	2.39
جزاوهم	2.23
جزوعا	1.76
جزيتهم	1.74
جزيناهم	0.00
جسدا	3.42
جعل	5.11
جعلا	2.57
جعلتم	2.88
جعلته	4.10
جعلكم	2.94
جعلنا	4.12
جعلناك	2.45
جعلناكم	2.36
جعلناه	2.77
جعلناها	2.47
جعلناهم	2.56
جعله	4.36
جعلها	4.30
جعلوا	3.63
جفاء	2.79
جلابيبهن	2.15
جلاها	1.48
جلده	3.51
جلود	3.22
جلودا	2.07
جلودكم	1.84
جلودهم	2.79
جما	3.40
جمال	5.17
جمالت	0.00
جمع	4.99
جمعا	3.34
جمعكم	2.24
جمعناكم	1.08
جمعناهم	1.74
جمعه	3.89
جمعهم	3.26
جمعوا	3.24
جمله	4.45
جميع	5.84
جميعا	5.24
جميل	5.23
جميلا	4.46
جن	3.91
جنات	3.64
جناح	4.35
جناحك	2.87
جنب	4.64
جنبا	4.46
جنتان	2.26
جنتك	2.76
جنته	3.01
جنتي	2.89
جنتين	1.97
جنحوا	1.94
جند	3.81
جندا	2.38
جندنا	2.34
جنفا	1.29
جنه	4.12
جنوبكم	1.63
جنوبها	2.92
جنوبهم	2.55
جنود	4.65
جنودا	3.47
جنوده	3.56
جنيا	2.67
جهادا	2.48
جهاده	2.81
جهارا	2.66
جهد	4.49
جهدهم	3.26
جهر	2.49
جهره	1.95
جهزهم	2.08
جهنم	4.09
جهولا	2.22
جو	4.77
جواب	4.06
جوع	3.77
جوفه	3.00
جيبك	3.30
جيت	4.00
جيتك	3.21
جيتكم	2.28
جيتم	2.75
جيتمونا	1.87
جيتنا	2.21
جيتهم	1.73
جيدها	1.93
جينا	3.85
جيناك	2.09
جيناكم	2.00
جيناهم	1.35
جيوبهن	2.31
حاج	4.01
حاججتم	0.00
حاجزا	3.39
حاجزين	2.31
حاجك	1.36
حاجه	5.10
حاجوك	0.00
حاد	4.27
حاذرون	0.00
حارب	3.75
حاسبين	2.20
حاسد	2.78
حاش	2.12
حاشرين	1.61
حاصبا	1.93
حاضرا	3.95
حاضره	4.04
حاضري	2.32
حافظ	4.51
حافظا	3.24
حافظات	2.56
حافظوا	3.62
حافظون	1.78
حافظين	2.24
حافين	1.61
حام	3.20
حاميه	3.63
حب	5.01
حبا	4.16
حبالهم	2.11
حبب	2.86
حبط	2.24
حبطت	2.01
حبل	4.11
حبه	4.15
حتما	4.38
حتي	6.29
حثيثا	2.40
حج	3.93
حجاب	3.94
حجابا	3.34
حجاره	3.79
حجتنا	2.22
حجتهم	2.66
حجج	3.52
حجر	4.53
حجرا	3.36
حجه	4.50
حجوركم	0.00
حداد	4.09
حدايق	4.07
حدب	3.15
حدود	5.04
حدوده	3.55
حديث	4.94
حديثا	4.61
حديد	4.31
حديدا	2.30
حذر	4.27
حذركم	2.81
حذرهم	2.61
حرا	4.11
حرام	4.46
حراما	3.23
حرث	3.03
حرثكم	1.55
حرثه	2.01
حرج	3.87
حرجا	3.28
حرد	2.00
حرسا	2.51
حرصت	3.50
حرصتم	1.49
حرض	3.33
حرضا	1.60
حرف	4.58
حرقوه	1.99
حرم	4.40
حرما	2.86
حرمات	2.78
حرمت	3.54
حرمنا	2.79
حرمها	3.37
حرمهما	1.40
حرير	3.42
حريص	3.53
حزب	5.33
حزبه	3.92
حزنا	3.87
حساب	5.21
حسابا	3.75
حسابك	4.01
حسابه	4.40
حسابهم	3.59
حسابيه	2.59
حسان	4.07
حسب	5.38
حسبانا	1.99
حسبت	3.47
حسبتم	2.24
حسبته	2.91
حسبتهم	2.18
حسبك	3.23
حسبنا	3.41
حسبه	3.04
حسبهم	2.36
حسبي	3.65
حسد	3.28
حسدا	2.62
حسرات	2.46
حسرتا	1.57
حسرتنا	1.58
حسره	3.25
حسن	5.41
حسنا	4.67
حسنات	3.37
حسنت	3.16
حسنه	4.19
حسنهن	1.71
حسوما	1.90
حسيبا	2.37
حسير	2.02
حسيسها	1.63
حشر	3.21
حشرت	2.55
حشرتني	1.94
حصاده	2.52
حصب	2.08
حصحص	1.93
حصدتم	1.46
حصرت	2.80
حصونهم	2.52
حصيدا	1.25
حصيرا	1.96
حضر	4.54
حضروه	2.10
حطاما	2.70
حطبا	2.53
حطه	2.67
حظ	4.45
حظا	4.41
حفره	4.03
حفظ	4.68
حفظه	4.10
حفظهما	2.26
حفي	2.04
حفيا	1.88
حفيظ	3.27
حفيظا	1.99
حق	5.42
حقا	5.14
حقبا	1.83
حقت	2.80
حقه	4.38
حقيق	2.62
حكم	5.26
حكما	4.23
حكمت	4.20
حكمتم	2.08
حكمه	4.33
حكيم	4.28
حكيما	3.56
حل	5.13
حلا	4.32
حلاف	2.11
حلال	4.01
حلالا	3.22
حلفتم	1.10
حللتم	2.31
حليم	3.47
حليما	2.71
حليه	3.19
حليهم	1.91
حم	3.00
حما	2.84
حمارك	2.26
حماله	3.27
حمر	3.48
حمل	4.79
حملا	3.24
حملت	4.25
حملتم	1.82
حملته	4.13
حملنا	2.83
حملناكم	1.01
حملها	3.91
حملهن	2.26
حملوا	3.52
حموله	3.77
حميد	4.47
حميدا	3.04
حميم	3.43
حميما	2.80
حميه	3.64
حنفاء	2.49
حنيذ	1.81
حنيفا	2.84
حنين	3.96
حوبا	1.80
حوتهما	1.50
حور	3.32
حول	5.87
حولا	2.91
حولك	4.40
حولكم	3.16
حوله	4.48
حولها	4.48
حولهم	3.79
حولين	2.18
حي	5.17
حيا	4.45
حياتكم	3.66
حياتنا	4.79
حياه	5.35
حيتانهم	0.00
حيث	6.20
حيران	2.90
حيله	4.03
حين	5.66
حينيذ	4.10
حيه	4.46
حيوك	1.31
حييتم	2.15
خاب	3.75
خادعهم	2.01
خاسره	3.43
خاسرين	2.80
خاسيا	1.87
خاسيين	2.17
خاشعا	2.75
خاشعه	2.60
خاشعون	2.17
خاشعين	2.29
خاصه	5.53
خاضعين	2.88
خاضوا	3.13
خاطبهم	2.52
خاطيه	4.31
خاطيين	2.17
خاف	3.61
خافت	3.45
خافضه	2.39
خافوا	3.03
خافيه	2.89
خالاتك	1.72
خالاتكم	1.18
خالد	5.23
خالدا	3.42
خالدون	2.97
خالدين	3.23
خالصا	3.32
خالصه	3.60
خالق	3.73
خالك	2.84
خامدون	1.36
خامدين	1.55
خانوا	2.86
خاويه	3.34
خايبين	2.46
خايفا	3.81
خايفين	3.70
خاينه	3.27
خبالا	1.96
خبت	2.61
خبث	3.12
خبرا	3.85
خبزا	3.21
خبيثه	3.65
خبير	4.43
خبيرا	3.72
ختار	1.72
ختامه	2.35
ختم	4.03
خدك	3.01
خذ	4.53
خذها	3.54
خذوا	3.66
خذولا	1.58
خذوه	2.75
خر	3.08
خرابها	2.51
خرجا	3.11
خرجت	4.64
خرجتم	2.48
خرجن	2.32
خرجوا	3.94
خردل	3.05
خرقها	2.72
خروا	2.04
خروج	4.54
خزاين	3.66
خزاينه	2.72
خزنتها	2.36
خزي	3.24
خسارا	2.17
خسر	4.37
خسرا	2.48
خسرانا	1.59
خسروا	3.69
خسفنا	0.00
خشب	3.99
خشعا	1.48
خشوعا	2.23
خشي	3.29
خشيت	3.30
خشيته	2.82
خشيه	4.08
خصاصه	2.21
خصمان	2.23
خصمون	1.37
خصيم	1.87
خصيما	1.74
خضر	3.85
خضرا	2.72
خطا	4.83
خطابا	4.01
خطاياكم	2.38
خطايانا	3.18
خطاياهم	2.84
خطبك	2.11
خطبكم	1.90
خطبكما	1.66
خطبكن	1.40
خطبه	4.05
خطف	4.05
خطوات	4.54
خطيا	2.88
خطيياتكم	1.08
خطيياتهم	1.55
خطييته	2.66
خطييتي	2.69
خطييه	3.88
خفافا	2.35
خفت	3.74
خفتكم	1.18
خفتم	2.74
خفف	3.55
خفي	3.87
خفيا	3.18
خفيفا	3.41
خلا	3.64
خلاف	4.53
خلافك	2.14
خلاق	2.99
خلال	6.19
خلالكم	2.34
خلاله	4.45
خلالها	4.90
خلالهما	2.79
خلايف	2.05
خلت	4.03
خلصوا	2.71
خلطوا	2.40
خلف	5.05
خلفاء	3.32
خلفتموني	0.00
خلفك	3.66
خلفكم	2.69
خلفنا	3.58
خلفه	4.31
خلفها	3.86
خلفهم	3.74
خلفوا	2.57
خلق	4.98
خلقا	3.47
خلقت	4.16
خلقتك	2.49
خلقتني	2.83
خلقته	2.91
خلقك	3.58
خلقكم	3.00
خلقنا	3.64
خلقناكم	2.86
خلقناه	2.34
خلقناهم	1.61
خلقناهما	1.04
خلقني	2.64
خلقه	4.09
خلقها	3.42
خلقهم	3.39
خلقهن	1.99
خلقوا	3.23
خله	2.84
خلوا	3.00
خليفه	4.70
خليلا	2.97
خمر	3.69
خمرا	3.01
خمسه	5.20
خمسين	4.30
خمط	1.46
خنزير	3.64
خوار	2.64
خوان	4.40
خوانا	3.09
خوض	4.08
خوضهم	1.83
خوف	4.47
خوفا	4.42
خوفهم	3.24
خولناكم	0.00
خولناه	0.00
خوله	2.48
خيانتك	2.36
خيانه	4.04
خير	5.03
خيرا	4.38
خيرات	3.26
خيفته	1.90
خيفه	2.44
خيل	3.56
داب	3.11
دابا	2.59
دابر	2.87
دابه	3.33
داحضه	1.85
داخرون	0.00
داخرين	2.10
داخلون	2.07
دار	5.09
داركم	2.64
دارهم	2.90
داعي	4.38
دافع	4.23
دافق	2.32
دامت	4.15
داموا	2.84
دان	4.40
دانيه	2.96
داوود	3.88
دايبين	1.11
دايره	4.81
دايم	4.58
دايمون	2.43
دبر	3.54
دبره	2.74
دحاها	1.41
دحورا	0.00
دخان	3.83
دخل	5.22
دخلا	3.58
دخلت	4.77
دخلتم	2.76
دخلتموه	1.44
دخله	3.58
دخلوا	4.00
دخلوه	2.11
دراستهم	3.30
دراهم	3.08
درجات	4.80
درجه	5.19
درست	4.19
دركا	1.39
دري	3.17
دساها	2.09
دعا	4.57
دعاء	4.33
دعاءكم	1.85
دعاءه	2.60
دعاكم	2.67
دعان	2.49
دعانا	3.05
دعاه	3.69
دعاوكم	1.73
دعايهم	2.39
دعايي	3.64
دعوا	3.90
دعواهم	2.59
دعوت	3.78
دعوتك	3.40
دعوتكم	3.09
دعوتكما	1.51
دعوتهم	3.51
دعوه	4.89
دعي	3.79
دعيتم	1.73
دفء	3.41
دفع	5.05
دفعتم	1.99
دكا	3.62
دكاء	1.64
دكت	2.63
دكه	3.22
دلهم	2.18
دلوه	1.92
دليلا	4.27
دما	3.80
دماءكم	2.08
دماوها	2.28
دمت	3.67
دمتم	3.03
دمر	4.17
دمرنا	2.47
دمرناهم	1.85
دنا	3.41
دهاقا	1.31
دوله	5.41
دون	5.79
دونك	3.71
دونكم	2.63
دوننا	2.53
دونه	3.89
دونها	3.82
دونهم	3.33
دونهما	2.36
دوني	3.71
ديارا	3.21
دياركم	2.96
ديارنا	3.16
ديارهم	3.73
دين	4.93
دينا	4.25
دينكم	3.29
دينه	3.98
دينهم	3.90
ديني	4.44
ذا	5.14
ذات	5.56
ذاقا	0.00
ذاقوا	2.56
ذاهب	3.65
ذايقه	2.80
ذبابا	1.91
ذبح	3.96
ذرا	2.39
ذراعا	3.25
ذراعيه	3.29
ذراكم	1.04
ذرانا	0.00
ذرعا	3.42
ذرعها	1.52
ذرنا	0.00
ذرني	1.83
ذره	4.22
ذرهم	1.82
ذروا	2.09
ذرونا	0.00
ذروني	2.03
ذريتنا	2.11
ذريته	3.18
ذريتهم	2.77
ذريتهما	2.06
ذريتي	2.75
ذريه	3.93
ذق	2.11
ذكر	5.40
ذكرا	3.71
ذكرانا	2.36
ذكراها	3.04
ذكراهم	2.72
ذكرت	4.81
ذكرتم	2.32
ذكرك	3.29
ذكركم	2.08
ذكرنا	3.69
ذكره	4.50
ذكرهم	3.70
ذكروا	3.70
ذكري	4.71
ذكيتم	0.00
ذلك	6.45
ذلكم	3.28
ذلكما	1.69
ذللا	1.09
ذله	2.70
ذلول	2.04
ذلولا	2.04
ذمه	4.16
ذنب	4.15
ذنبك	3.54
ذنبه	3.63
ذنوب	3.27
ذنوبا	2.43
ذنوبكم	2.82
ذنوبنا	3.06
ذنوبهم	2.86
ذهاب	4.03
ذهب	4.89
ذهبا	3.65
ذهبت	4.68
ذهبنا	3.94
ذهبوا	4.03
ذو	5.11
ذوا	2.39
ذواتا	1.85
ذواتي	2.18
ذوقوا	2.18
ذوي	4.73
ذي	4.98
رءوس	2.34
رءوسكم	2.04
رءوسهم	2.60
رءوف	2.64
رابعهم	2.30
رابيا	1.65
رابيه	2.41
راته	3.31
راتهم	2.20
راجعون	3.75
راد	3.27
رادوه	1.63
راسه	4.62
راسي	4.26
راسيات	1.68
راضيه	3.84
راعنا	1.09
راعون	2.21
راغبون	2.51
رافعه	3.66
رافه	2.81
راق	3.42
راك	3.13
راكعا	2.54
راكعون	1.89
ران	3.39
راه	4.01
راها	3.58
راوا	3.98
راودتن	0.00
راودتني	2.43
راودته	2.46
راودوه	1.20
راوك	2.34
راوه	3.25
راوها	2.94
راوهم	2.08
راي	4.68
رايت	4.79
رايتموه	2.65
رايتهم	3.89
راينه	1.83
رب	4.80
ربا	3.78
رباط	3.77
ربانيين	1.76
ربحت	3.63
ربطنا	2.87
ربك	4.15
ربكم	3.77
ربكما	2.64
ربما	5.40
ربنا	4.38
ربه	4.45
ربها	3.40
ربهم	3.83
ربهما	2.28
ربوه	2.98
ربي	4.38
ربياني	2.29
ربيون	1.48
رتقا	2.12
رجا	3.33
رجال	5.34
رجالا	3.97
رجالكم	2.81
رجت	2.38
رجز	2.33
رجزا	1.83
رجس	2.89
رجسا	1.74
رجسهم	1.82
رجع	4.20
رجعت	4.16
رجعتم	2.24
رجعك	1.68
رجعنا	3.49
رجعه	2.57
رجعوا	3.28
رجل	5.46
رجلا	4.70
رجلان	3.61
رجلين	3.83
رجما	2.04
رجوما	1.70
رجيم	3.67
رحالهم	2.29
رحبت	3.70
رحل	4.49
رحله	5.00
رحم	4.14
رحما	2.24
رحماء	2.71
رحمت	2.80
رحمتك	3.43
رحمتنا	2.10
رحمته	3.72
رحمتي	2.71
رحمنا	2.06
رحمناهم	0.00
رحمه	4.70
رحيق	3.22
رحيم	4.06
رحيما	3.53
رخاء	2.97
ردءا	1.67
ردت	3.98
رددت	3.67
رددنا	2.40
رددناه	1.38
ردف	2.46
ردما	1.92
ردها	3.68
ردوا	3.47
ردوه	2.18
ردوها	2.17
رزق	4.19
رزقا	3.16
رزقكم	2.55
رزقنا	3.01
رزقناكم	2.27
رزقناه	1.16
رزقناهم	2.52
رزقه	3.47
رزقها	2.90
رزقهم	3.08
رزقهن	1.41
رزقوا	2.19
رسالات	2.79
رسالته	3.98
رساله	5.24
رسل	3.46
رسلا	2.45
رسلك	3.08
رسلكم	2.05
رسلنا	2.62
رسله	2.65
رسلهم	2.43
رسلي	2.27
رسول	5.31
رسولا	3.58
رسولكم	2.14
رسولنا	3.31
رسوله	3.70
رسولها	1.72
رسولهم	1.97
رشدا	2.72
رشده	2.97
رشيد	4.34
رصدا	3.12
رضوا	2.56
رضوان	3.89
رضوانه	2.28
رضي	4.76
رضيا	1.92
رضيتم	1.88
رطب	3.64
رطبا	3.27
رعايتها	3.16
رعبا	3.35
رعوها	0.00
رغبا	2.32
رغدا	2.30
رفث	2.25
رفرف	2.82
رفع	5.04
رفعت	4.46
رفعه	3.80
رفعها	3.78
رفيع	4.08
رفيقا	3.37
رق	3.12
رقبه	3.74
رقود	2.26
رقيب	3.87
رقيبا	2.70
ركاب	4.01
ركاما	2.09
ركبا	2.15
ركبانا	1.92
ركبك	2.46
ركبوا	2.96
ركزا	2.37
ركعا	1.88
ركن	4.11
ركوبهم	1.84
رمزا	4.07
رمضان	5.05
رمي	4.10
رميت	3.42
رميم	2.35
رهبه	3.19
رهط	3.57
رهطك	1.04
رهقا	2.09
رهوا	1.35
رهين	2.98
رهينه	3.68
رواسي	2.62
رواكد	1.52
روح	4.87
روحا	3.58
روحنا	2.88
روحه	4.09
روحي	4.24
روضات	2.56
روضه	4.19
روياك	2.88
روياي	2.32
رويدا	3.52
رياء	2.96
ريب	4.02
ريبه	2.87
ريبهم	1.09
ريح	3.79
ريحا	3.24
ريحكم	2.39
ريع	2.84
زادته	1.93
زادتهم	2.19
زادهم	2.35
زادوكم	1.57
زادوهم	1.41
زاغ	2.55
زاغت	2.12
زاغوا	1.87
زالت	4.77
زالتا	2.51
زان	3.22
زانيه	2.98
زاهق	1.82
زبد	3.29
زبدا	2.06
زبر	2.80
زبرا	1.57
زبورا	1.81
زجاجه	3.97
زجرا	1.54
زجره	1.59
زحزح	2.20
زحفا	2.58
زخرف	2.70
زخرفها	1.16
زد	4.11
زدناهم	1.37
زدني	2.78
زرتم	2.08
زرع	4.26
زرعا	2.54
زرقا	2.37
زعم	4.12
زعمت	3.62
زعمتم	2.32
زعيم	4.68
زفير	2.97
زقوم	1.72
زكاه	3.46
زكاها	2.44
زكريا	4.24
زكي	3.95
زكيا	1.95
زكيه	3.28
زلتم	2.80
زلزالا	2.69
زلزالها	1.62
زلزلت	2.43
زلزله	2.76
زلفه	2.74
زلفي	2.11
زلقا	1.99
زللتم	1.26
زمرا	2.26
زمهريرا	1.70
زنجبيلا	1.80
زنيم	2.31
زهره	4.39
زهوقا	2.22
زوال	3.89
زوج	4.66
زوجا	3.58
زوجان	3.45
زوجت	2.63
زوجك	4.02
زوجناكها	0.00
زوجه	3.68
زوجها	4.85
زوجين	3.85
زياده	5.32
زيتها	2.04
زيتونه	3.03
زيد	4.48
زيغ	2.72
زين	4.66
زينا	3.35
زينتكم	2.17
زينته	2.19
زينتهن	2.48
زينه	4.15
ساء	3.43
ساءت	3.58
سابغات	1.26
سابق	5.03
سابقوا	1.78
سابقون	3.47
سابقين	3.66
ساتلو	1.74
ساتيكم	1.64
ساجدا	3.05
ساجدين	2.60
ساحر	3.86
سادتنا	2.37
سادسهم	2.10
سارقين	2.42
سارهقه	1.44
ساريكم	2.29
ساستغفر	1.57
ساصرف	2.14
ساصليه	1.47
ساعه	5.40
سافلها	2.22
سافلين	2.25
ساق	3.94
ساقطا	2.50
ساقيها	2.99
ساكنا	3.77
سال	4.33
سالتك	3.43
سالتكم	2.21
سالتم	2.65
سالتموه	1.96
سالتموهن	1.09
سالتهم	3.47
سالقي	2.15
سالك	3.43
سالمون	2.98
سالها	3.22
سالهم	2.46
سالوا	3.19
سامدون	1.50
سامرا	2.05
سامري	2.66
سانبيك	1.57
سانزل	1.99
ساهون	2.31
ساوي	2.59
سايبه	2.52
سايحات	1.72
سايغ	1.94
سايغا	1.87
سايق	4.47
سايل	4.05
سبا	3.09
سباتا	2.23
سببا	4.51
سبتهم	1.53
سبح	3.12
سبحا	1.76
سبحان	4.14
سبحانك	3.45
سبحانه	4.53
سبحوا	2.57
سبع	4.76
سبعا	3.13
سبعه	4.87
سبعون	3.49
سبعين	3.98
سبق	4.97
سبقا	2.49
سبقت	4.12
سبقكم	2.20
سبقوا	2.36
سبقونا	2.86
سبل	4.17
سبلا	2.67
سبلنا	2.51
سبيل	5.37
سبيلا	3.81
سبيلك	3.20
سبيلنا	2.58
سبيله	4.01
سبيلهم	3.05
سبيلي	3.06
ستجدني	2.72
ستجدون	3.38
ستدعون	1.43
ستذكرونهن	0.00
سترا	2.62
ستغلبون	1.46
ستكتب	3.02
سته	5.10
ستين	3.94
سجدا	2.75
سجدوا	2.18
سجرت	1.18
سجي	2.48
سجيل	2.78
سجين	4.06
سحاب	3.89
سحابا	1.99
سحار	2.49
سحر	4.40
سحران	0.00
سحرهم	2.45
سحروا	1.78
سحيق	2.73
سخر	3.98
سخرنا	2.13
سخرناها	0.00
سخرها	2.43
سخروا	3.07
سخريا	2.19
سخط	3.55
سدا	3.31
سدر	3.11
سدره	2.88
سدي	3.55
سديدا	2.57
سرا	4.41
سرابا	2.59
سرابيل	1.64
سرابيلهم	0.00
سراجا	2.54
سراحا	1.67
سرادقها	1.88
سراعا	2.48
سربا	2.49
سرحوهن	0.00
سرر	2.57
سرق	4.11
سركم	2.11
سرمدا	2.54
سرهم	2.65
سريا	3.60
سريع	4.72
سطحت	1.74
سعته	3.12
سعدوا	2.10
سعرت	2.03
سعه	4.29
سعوا	3.25
سعي	4.10
سعيا	3.76
سعيرا	2.35
سعيكم	2.55
سعيه	3.44
سعيها	3.29
سعيهم	3.51
سفاهه	2.30
سفر	4.68
سفرنا	2.72
سفره	3.82
سفه	2.51
سفها	1.87
سفينه	4.58
سفيها	2.20
سفيهنا	0.00
سقايه	2.68
سقر	2.58
سقط	4.38
سقطوا	3.59
سقفا	2.80
سقناه	1.10
سقيت	2.47
سقيم	2.87
سكاري	3.03
سكت	3.83
سكرا	2.55
سكرت	2.81
سكرتهم	1.81
سكره	2.95
سكن	4.25
سكنا	3.11
سكنتم	1.83
سكينا	3.28
سكينته	2.49
سكينه	3.64
سل	3.49
سلاسل	3.81
سلاله	3.95
سلام	4.85
سلاما	3.49
سلسبيلا	1.58
سلسله	5.17
سلطان	4.75
سلطانا	3.44
سلطانه	3.22
سلطانيه	1.61
سلف	3.89
سلفا	3.92
سلقوكم	0.00
سلككم	1.90
سلكناه	1.45
سلم	4.67
سلما	3.33
سلمتم	2.11
سلهم	2.03
سليم	4.62
سليمان	4.99
سم	4.44
سماء	4.31
سماعون	2.03
سماكم	2.08
سمان	2.97
سماوات	2.94
سمع	4.43
سمعا	3.08
سمعت	4.88
سمعتم	3.58
سمعتموه	2.28
سمعكم	1.81
سمعنا	4.31
سمعه	3.72
سمعهم	2.68
سمعوا	3.85
سمكها	2.79
سموم	3.45
سموهم	2.16
سميا	2.61
سميتموها	1.81
سميتها	2.91
سميع	3.37
سميعا	2.58
سمين	3.22
سنا	4.27
سنابل	2.99
سنبلات	1.76
سنبله	2.64
سنت	3.96
سنجزي	0.00
سندخلهم	1.46
سندس	2.84
سندع	2.44
سنراود	0.00
سنريهم	2.63
سنزيد	2.15
سنستدرجهم	1.88
سنسمه	1.12
سنشد	1.74
سنطيعكم	0.00
سنعذبهم	1.16
سنعيدها	1.94
سنفرغ	1.74
سنقتل	2.14
سنقريك	0.00
سنكتب	2.43
سنلقي	2.69
سنمتعهم	1.29
سنن	3.88
سننظر	2.38
سنه	5.68
سنوتيهم	0.00
سنين	4.65
سهولها	2.06
سوء	4.88
سوءا	4.13
سوءه	2.12
سواء	5.18
سواتكم	1.18
سواتهما	1.92
سواعا	1.89
سواك	3.67
سواه	3.88
سواها	3.79
سود	3.98
سور	4.18
سوره	4.75
سوط	3.14
سوف	5.49
سوقه	2.59
سول	4.23
سولت	3.30
سولك	2.19
سوي	5.23
سويا	4.52
سويته	2.60
سيء	4.54
سياره	5.13
سيبطله	1.31
سيجزون	1.83
سيجزيهم	0.00
سيجعل	3.78
سيحلفون	1.23
سيدخلهم	1.35
سيدخلون	2.98
سيدها	2.94
سيذكر	2.98
سيرا	4.02
سيرت	2.72
سيرتها	3.08
سيرحمهم	0.00
سيروا	3.09
سيريكم	2.07
سيصلي	2.09
سيصيب	2.45
سيصيبهم	1.66
سيطوقون	1.25
سيعلمون	2.28
سيغفر	2.74
سيغلبون	1.43
سيقول	3.62
سيقولون	3.38
سيكفرون	0.00
سيكون	5.34
سيل	4.12
سيلت	3.26
سيلوا	2.53
سيماهم	2.32
سيناء	4.59
سينالهم	1.57
سينين	2.24
سيهدين	2.03
سيهديهم	1.46
سيهزم	2.83
سيوتينا	1.30
سييا	4.02
سييات	3.20
سيياتكم	2.31
سيياتنا	2.18
سيياته	2.78
سيياتهم	2.62
سييت	1.61
سييه	4.68
شاء	4.75
شاخصه	2.44
شاطي	4.27
شاعر	4.43
شافعين	1.46
شاقوا	1.42
شاكر	4.02
شاكرا	3.65
شاكرون	1.98
شاكرين	3.21
شاكلته	2.81
شامخات	1.71
شان	4.42
شانهم	3.41
شانيك	2.07
شاهد	4.91
شاهدا	3.89
شاهدون	1.72
شاهدين	2.95
شبه	4.84
شتي	4.22
شجر	3.87
شجرت	1.40
شجرتها	2.25
شجره	4.63
شجرها	1.99
شح	3.54
شحومهما	0.00
شداد	3.58
شدادا	1.17
شديد	4.91
شديدا	4.23
شر	4.36
شرا	3.86
شراب	3.95
شرابا	3.23
شرابه	2.70
شرب	4.44
شرح	4.79
شرع	3.97
شرعا	3.37
شرعه	2.76
شرعوا	2.92
شرقيا	2.53
شرقيه	3.74
شرك	3.62
شركاء	4.23
شركاءكم	1.73
شركاءهم	1.75
شركاوكم	1.53
شركاونا	2.07
شركاوهم	1.98
شركايكم	2.23
شركايهم	2.71
شركايي	2.71
شره	3.36
شروا	1.93
شريعه	3.63
شريك	4.83
شطاه	0.00
شطر	3.45
شطره	2.25
شططا	2.14
شعاير	3.57
شعب	4.87
شعوبا	2.77
شعيب	3.82
شعيبا	1.99
شغفها	2.93
شغل	4.57
شغلتنا	1.85
شفا	3.37
شفاء	4.04
شفاعتهم	2.22
شفاعه	3.16
شفعاء	2.35
شفعاءكم	0.00
شفعاونا	0.00
شفيع	3.24
شقا	2.96
شقاق	2.77
شقاقي	1.36
شققنا	1.91
شقوا	2.67
شقوتنا	1.46
شقي	3.33
شقيا	2.97
شك	4.83
شكر	4.39
شكرا	5.26
شكرتم	2.46
شكله	4.08
شكور	2.86
شكورا	2.83
شمايلهم	2.06
شمسا	2.64
شنان	2.40
شهاب	3.93
شهابا	2.28
شهادات	4.30
شهادتهم	2.85
شهادتهما	1.61
شهاده	4.85
شهد	4.66
شهداء	4.44
شهداءكم	1.81
شهدتم	2.26
شهدنا	3.38
شهدوا	3.68
شهر	5.43
شهرا	4.41
شهرين	4.49
شهود	4.25
شهودا	2.85
شهوه	3.55
شهيد	4.39
شهيدا	3.98
شهيدين	2.35
شهيقا	2.31
شواظ	1.80
شوري	3.64
شيء	6.03
شياطين	3.70
شياطينهم	1.92
شيبا	3.16
شيت	4.24
شيتم	3.31
شيتما	2.21
شيخ	4.79
شيخا	3.47
شيطان	4.17
شيطانا	3.25
شيع	2.66
شيعا	2.69
شيعته	2.40
شيعه	4.18
شينا	3.20
شيه	2.71
شيوخا	2.10
شييا	5.39
ص	4.81
صابرا	2.86
صابره	2.66
صابرون	2.13
صاحبكم	2.54
صاحبه	4.37
صاحبهم	2.44
صاحبي	4.14
صادق	4.44
صادقا	4.13
صادقين	3.66
صارمين	2.05
صاعقه	3.38
صاغرون	1.93
صاغرين	2.33
صافات	1.96
صال	2.57
صالح	5.21
صالحا	4.15
صالحين	3.40
صالو	1.18
صامتون	2.70
صبا	3.28
صباح	5.35
صبار	3.09
صببنا	1.81
صبحا	2.66
صبحهم	1.71
صبر	3.91
صبرا	3.83
صبرتم	2.26
صبرك	3.00
صبرنا	2.72
صبروا	2.86
صبغه	3.78
صبوا	2.39
صبيا	3.69
صحف	4.26
صحفا	2.20
صخره	3.91
صد	3.86
صددتم	0.00
صددناكم	0.00
صدرا	3.13
صدرك	3.84
صدره	4.06
صدري	3.95
صدق	4.42
صدقا	3.67
صدقات	2.80
صدقاتكم	1.93
صدقاتهن	1.91
صدقت	4.07
صدقتنا	1.48
صدقكم	1.75
صدقنا	2.85
صدقناهم	1.20
صدقه	3.93
صدقهم	2.63
صدقوا	3.54
صدودا	1.34
صدور	4.49
صدوركم	2.53
صدورهم	3.32
صدوكم	0.00
صديد	2.36
صديق	4.90
صديقا	4.13
صديقكم	2.19
صديقه	4.38
صر	2.61
صراط	3.36
صراطا	2.25
صراطك	2.20
صراطي	1.63
صرح	4.59
صرحا	2.92
صرصر	2.21
صرصرا	1.76
صرعي	2.52
صرف	4.29
صرفا	2.66
صرفت	3.38
صرفكم	0.00
صرفنا	2.77
صرفناه	1.81
صره	2.51
صريخ	2.13
صعدا	2.53
صعقا	2.21
صعودا	3.42
صعيدا	1.66
صغار	4.41
صغت	2.37
صغير	4.97
صغيرا	4.55
صغيره	5.34
صفا	3.75
صفحا	1.92
صفر	4.40
صفراء	3.82
صفصفا	2.08
صفوان	3.22
صلاتك	3.17
صلاته	3.81
صلاتهم	3.26
صلاتي	3.39
صلاه	4.87
صلبوه	2.00
صلح	3.79
صلحا	2.90
صلدا	2.02
صلصال	2.58
صلوا	3.64
صلوات	3.71
صلواتهم	2.81
صلوه	1.63
صلي	5.52
صليا	1.60
صم	3.25
صما	2.59
صنع	4.93
صنعا	4.03
صنعه	3.76
صنعوا	3.57
صنوان	2.18
صوابا	3.32
صواع	1.76
صواف	1.88
صوامع	2.83
صوت	5.19
صوتك	4.48
صوركم	3.17
صورناكم	1.30
صوره	5.43
صوما	2.59
صياصيهم	1.21
صيام	4.01
صياما	2.03
صيحه	3.50
صيد	4.31
ضاحكا	3.16
ضاحكه	3.18
ضاقت	3.51
ضالا	2.59
ضالين	2.55
ضامر	2.50
ضبحا	1.84
ضحاها	2.61
ضحي	3.79
ضدا	2.05
ضر	2.94
ضرا	2.76
ضراء	2.59
ضرارا	1.97
ضرب	4.74
ضربا	3.86
ضربت	4.21
ضربتم	2.12
ضربنا	2.97
ضربوا	3.07
ضربوه	2.53
ضره	2.39
ضريع	1.04
ضعافا	2.23
ضعف	4.83
ضعفا	3.68
ضعفاء	3.63
ضعفوا	2.09
ضعفين	2.63
ضعيفا	3.96
ضغثا	1.56
ضل	3.74
ضلال	3.31
ضلالا	2.66
ضلالتهم	1.52
ضلالك	1.63
ضلاله	3.31
ضللت	2.79
ضللنا	2.78
ضلوا	2.84
ضنكا	2.51
ضياء	4.07
ضير	3.22
ضيزي	1.42
ضيف	4.37
ضيفه	3.87
ضيفي	3.27
ضيق	4.38
ضيقا	3.48
طاب	4.02
طاعم	1.45
طاعه	4.03
طاغون	0.00
طاغين	1.48
طاقه	4.56
طال	4.30
طالوت	2.33
طاير	4.25
طايركم	1.58
طايره	3.35
طايرهم	1.27
طايعين	2.24
طايف	2.64
طايفتان	2.41
طايفتين	2.23
طايفه	4.18
طباقا	2.13
طبتم	2.16
طبع	4.17
طبق	4.45
طبقا	4.63
طبن	1.84
طحاها	1.25
طرايق	3.41
طردتهم	2.27
طرف	4.91
طرفا	3.52
طرفك	2.85
طرفهم	2.34
طرفي	3.70
طريا	2.60
طريق	5.66
طريقا	4.14
طريقه	5.35
طس	2.12
طسم	2.12
طعام	4.53
طعاما	3.75
طعامك	3.15
طعامه	3.52
طعمتم	0.00
طعمه	3.53
طعموا	1.46
طغوا	2.20
طغي	3.43
طغيانا	2.11
طغيانهم	2.49
طفلا	4.56
طلبا	4.22
طلع	3.89
طلعت	4.22
طلعها	2.11
طلقتم	1.56
طلقتموهن	0.00
طلقكن	1.35
طلقها	3.25
طلوع	3.70
طمست	2.50
طه	4.39
طهرا	2.19
طهورا	2.46
طوافون	1.13
طوبي	3.43
طور	4.15
طوعا	3.58
طولا	3.57
طوي	2.87
طويلا	4.66
طيبا	4.31
طيبات	2.85
طيباتكم	0.00
طيبه	4.57
طيبين	3.28
طير	3.83
طيرا	2.96
طين	3.58
طينا	2.41
ظالم	3.79
ظالمه	3.10
ظالمون	2.39
ظالمي	1.92
ظالمين	2.57
ظاهر	3.84
ظاهرا	3.56
ظاهره	4.66
ظاهروهم	1.21
ظاهرين	2.73
ظعنكم	0.00
ظفر	3.38
ظل	5.11
ظلا	3.19
ظلال	3.78
ظلالا	2.49
ظلاله	2.49
ظلالها	2.59
ظلت	4.35
ظلل	2.38
ظلم	4.14
ظلما	3.94
ظلمات	3.48
ظلمت	2.97
ظلمتم	1.83
ظلمك	2.53
ظلمنا	2.77
ظلمناهم	1.79
ظلمه	3.33
ظلمهم	2.88
ظلموا	3.32
ظلمونا	1.93
ظله	3.62
ظلوما	1.78
ظليل	2.48
ظليلا	1.64
ظما	2.76
ظن	4.25
ظنا	3.66
ظنكم	3.07
ظننا	3.72
ظننت	3.98
ظننتم	2.45
ظنه	3.34
ظنوا	3.61
ظهر	5.09
ظهرك	3.82
ظهره	4.16
ظهرها	3.72
ظهريا	1.94
ظهوركم	2.55
ظهوره	3.84
ظهورها	3.86
ظهورهم	3.55
ظهورهما	2.02
ظهير	3.58
ظهيرا	2.70
عابد	3.75
عابدات	1.80
عابدون	2.30
عابدين	3.73
عابري	2.56
عاتيه	2.85
عاد	5.05
عادا	3.12
عادون	1.45
عاديتم	1.37
عارض	3.95
عارضا	3.18
عاصف	3.16
عاصفه	4.54
عاصم	3.81
عاقب	2.85
عاقبتم	1.71
عاقبتهما	1.59
عاقبه	3.39
عاقر	2.75
عاقرا	2.50
عاكفا	2.07
عاكفون	2.15
عاكفين	1.67
عالم	5.33
عالمين	3.42
عاليا	4.17
عالين	1.54
عاليه	5.03
عاليها	2.37
عاليهم	1.55
عام	6.09
عاما	5.59
عامل	4.83
عامله	4.03
عاملون	3.05
عامهم	2.65
عامين	4.62
عاهد	2.86
عاهدت	2.97
عاهدتم	2.04
عاهدوا	3.16
عايدون	3.22
عايلا	1.96
عباد	4.05
عبادا	2.64
عبادتكم	1.86
عبادته	3.26
عبادتي	2.30
عبادك	3.28
عبادكم	1.77
عبادنا	2.58
عباده	3.93
عبادي	3.76
عبثا	3.67
عبد	5.88
عبدا	3.87
عبدت	2.51
عبدتم	1.51
عبدنا	2.43
عبدناهم	0.00
عبده	4.31
عبدين	2.33
عبره	3.75
عبس	3.61
عبوسا	2.21
عتت	1.66
عتل	2.11
عتو	2.54
عتوا	2.15
عتيا	2.55
عتيد	2.99
عثر	4.32
عجاب	2.22
عجاف	2.74
عجبا	3.93
عجبت	2.82
عجبوا	1.76
عجل	4.05
عجلا	2.61
عجلنا	2.24
عجوز	4.05
عجوزا	3.07
عجولا	2.20
عجيب	3.87
عدا	4.70
عداوه	3.51
عدتم	2.78
عدتهم	2.44
عدد	5.96
عددا	4.77
عدل	4.20
عدن	4.62
عدنا	3.89
عده	5.56
عدو	4.29
عدوا	3.87
عدوان	3.70
عدوانا	2.45
عدوكم	2.92
عدوه	3.48
عدوهم	3.40
عدوي	3.46
عذاب	4.10
عذابا	3.36
عذابه	3.04
عذابها	2.59
عذابهما	1.28
عذابي	2.80
عذب	3.80
عذت	1.94
عذرا	4.11
عربا	2.84
عربي	4.96
عربيا	4.08
عرش	4.11
عرشك	3.03
عرشه	3.53
عرشها	2.65
عرض	5.33
عرضا	4.35
عرضتم	1.83
عرضنا	3.64
عرضه	4.45
عرضها	4.36
عرضهم	3.21
عرف	4.78
عرفا	2.89
عرفات	4.23
عرفها	3.52
عرفوا	3.99
عروشها	2.52
عريض	3.80
عزا	3.21
عزلت	2.93
عزم	3.97
عزما	2.76
عزمت	3.24
عزموا	2.23
عزه	3.87
عزير	2.72
عزيز	4.53
عزيزا	3.47
عزين	1.55
عسر	3.78
عسرا	2.44
عسره	2.58
عسعس	1.89
عسق	1.68
عسل	4.03
عسي	3.94
عسيتم	2.12
عسير	4.09
عسيرا	3.06
عشاء	4.08
عشر	5.63
عشرا	3.22
عشره	5.20
عشرون	4.01
عشيرتك	2.66
عشيرتهم	2.36
عشيه	4.11
عصاك	2.64
عصاني	2.56
عصاه	3.06
عصاي	2.78
عصبه	3.73
عصفا	1.83
عصوا	2.60
عصوك	1.46
عصوني	1.42
عصيا	2.51
عصيب	3.29
عصيت	3.02
عصيته	2.20
عضدا	2.15
عضدك	1.86
عضوا	4.53
عضين	1.39
عطاء	3.98
عطاونا	1.33
عطفه	2.53
عطلت	3.23
عظاما	2.79
عظامه	3.12
عظيم	5.01
عظيما	4.27
عفا	3.63
عفريت	3.27
عفوا	4.24
عفونا	1.94
عفي	2.42
عقاب	4.10
عقبا	2.16
عقباها	2.18
عقبه	3.14
عقبي	2.47
عقبيه	2.14
عقدت	4.43
عقدتم	1.93
عقده	4.13
عقلوه	1.25
عقيم	3.50
عقيما	2.56
علا	4.04
علام	4.08
علق	4.46
علقه	3.15
علم	5.36
علما	4.74
علماء	4.81
علمت	4.52
علمتك	3.09
علمتم	3.09
علمتموهن	0.00
علمتنا	3.41
علمته	3.34
علمكم	2.84
علمنا	4.24
علمناه	2.58
علمني	3.97
علمه	4.01
علمها	3.59
علمهم	3.56
علموا	3.94
علمي	4.50
علوا	3.13
علي	7.18
عليا	4.53
عليك	5.71
عليكم	5.09
عليكما	2.78
عليم	3.82
عليما	2.91
علينا	5.59
عليه	6.19
عليها	5.77
عليهم	5.48
عليهما	4.14
عليهن	3.89
عليون	1.65
عليين	2.87
عم	4.82
عما	5.05
عماتك	1.72
عماتكم	0.00
عمد	4.01
عمرا	3.69
عمران	4.43
عمرك	4.36
عمره	4.86
عمروها	1.74
عمك	3.68
عمل	5.74
عملا	4.59
عملت	4.80
عملتم	2.99
عملته	3.28
عملك	4.34
عملكم	3.15
عمله	4.94
عملهم	4.21
عملوا	4.06
عملي	4.52
عموا	1.78
عمون	2.86
عمي	4.34
عميا	2.32
عميق	4.42
عمين	1.41
عن	6.77
عنا	4.66
عنتم	1.93
عند	5.91
عندك	4.82
عندكم	3.83
عندنا	4.70
عنده	4.78
عندها	4.73
عندهم	4.51
عندي	4.98
عنقك	3.31
عنقه	3.69
عنك	5.11
عنكم	4.07
عنه	5.67
عنها	5.40
عنهم	4.98
عنهما	3.97
عني	5.10
عنيد	3.55
عنيدا	2.81
عهد	4.91
عهدا	3.71
عهدنا	3.06
عهده	4.14
عهدهم	2.87
عهدي	3.32
عوان	1.94
عوج	2.70
عوجا	2.48
عورات	2.81
عوره	3.54
عوقب	3.01
عوقبتم	1.53
عيدا	3.42
عيسي	4.69
عيشه	3.42
عيله	2.84
عين	5.18
عينا	3.67
عيناك	4.01
عينان	3.48
عيناه	3.84
عينها	3.86
عيني	4.60
عينيك	4.39
عينين	3.21
عيونا	2.86
غاسق	2.14
غاشيه	1.75
غافر	3.17
غافلا	2.89
غافلون	2.72
غافلين	2.79
غالب	4.25
غالبون	1.30
غاوين	2.11
غايبه	3.74
غايبين	2.58
غبره	2.43
غثاء	2.56
غدا	5.10
غداءنا	1.81
غدقا	1.95
غدوا	2.50
غدوت	2.96
غدوها	1.71
غر	3.02
غرابا	2.58
غراما	3.21
غربت	2.89
غربيه	4.15
غرف	4.41
غرفا	2.77
غرفه	5.02
غرقا	3.45
غرك	2.24
غروبها	2.81
غرور	3.36
غرورا	2.82
غزلها	1.94
غزي	2.46
غسق	2.51
غسلين	1.19
غشاوه	2.74
غشي	2.14
غشيهم	1.88
غصبا	3.03
غصه	3.20
غضب	4.54
غضبان	3.11
غضبوا	2.49
غضبي	3.26
غطاء	4.40
غطاءك	2.32
غفارا	2.45
غفر	3.69
غفرانك	2.55
غفله	3.66
غفور	3.31
غفورا	2.78
غل	3.34
غلا	3.16
غلاظ	2.01
غلام	3.77
غلاما	2.91
غلبا	2.00
غلبت	3.23
غلبهم	2.22
غلبوا	2.21
غلت	1.94
غلظه	2.16
غلف	3.02
غلمان	2.59
غليظ	3.21
غليظا	2.49
غم	3.31
غما	2.42
غمرات	2.17
غمرتهم	1.69
غمره	3.13
غمه	2.24
غنم	3.56
غنمتم	1.40
غنمي	2.34
غني	4.34
غنيا	3.87
غواش	1.61
غورا	2.77
غول	3.70
غوي	2.33
غوينا	1.13
غيا	2.68
غيابت	1.39
غيب	3.40
غيبه	2.63
غيث	3.56
غير	6.18
غيركم	3.33
غيره	4.75
غيرها	4.63
غيري	4.10
غيظ	2.75
فاءت	1.30
فاءوا	1.26
فابتغوا	1.65
فابعثوا	1.91
فابوا	2.27
فابي	3.11
فابين	1.71
فات	4.15
فاتاهم	2.17
فاتباع	1.48
فاتبع	2.23
فاتبعنا	0.00
فاتبعني	1.59
فاتبعه	2.13
فاتبعها	1.93
فاتبعهم	1.27
فاتبعوا	2.06
فاتبعوني	2.57
فاتبعوه	2.53
فاتبعوهم	0.00
فاتت	3.02
فاتخذ	2.55
فاتخذت	2.52
فاتخذتموهم	1.09
فاتخذه	2.03
فاتخذوه	2.15
فاتقوا	3.09
فاتقون	1.95
فاتكم	2.75
فاتلوها	1.21
فاتمهن	1.57
فاتموا	2.49
فاتنا	2.64
فاتهم	2.73
فاتوا	2.96
فاتونا	0.00
فاتوهم	0.00
فاتوهن	1.22
فاتي	3.00
فاتيا	1.35
فاتياه	0.00
فاتينا	1.22
فاثابكم	1.16
فاثابهم	1.20
فاثبتوا	2.04
فاثرن	0.00
فاجاءها	1.36
فاجتباه	0.00
فاجتنبوا	1.86
فاجتنبوه	2.45
فاجرا	2.55
فاجره	2.47
فاجعل	2.91
فاجلدوا	1.20
فاجلدوهم	1.81
فاجمعوا	1.99
فاجنح	1.63
فاحبط	1.93
فاحترقت	2.03
فاحتمل	1.26
فاحذرهم	1.78
فاحذروا	2.36
فاحذروه	1.85
فاحذروهم	2.12
فاحسن	3.04
فاحشه	3.31
فاحكم	2.03
فاحيا	2.25
فاحياكم	1.66
فاحيينا	1.04
فاحييناه	1.67
فاخاف	1.72
فاختلط	2.35
فاختلف	2.27
فاختلفوا	1.77
فاخذتكم	0.00
فاخذتهم	2.02
فاخذناه	1.72
فاخذناهم	2.03
فاخذه	2.88
فاخذهم	2.31
فاخران	0.00
فاخرج	2.87
فاخرجنا	1.81
فاخرجناهم	0.00
فاخرجهما	1.34
فاخشوهم	2.12
فاخلع	1.40
فاخلفتكم	1.18
فاخلفتم	0.00
فاخوانكم	1.75
فاداراتم	0.00
فادخلوا	2.17
فادخلوها	1.87
فادخلي	2.05
فادرءوا	0.00
فادع	2.71
فادعوا	2.42
فادعوه	2.25
فادعوهم	1.53
فادفعوا	1.16
فادلي	1.45
فاذ	2.94
فاذا	4.94
فاذاقها	1.85
فاذاقهم	0.00
فاذكروا	2.46
فاذكروني	2.17
فاذن	2.68
فاذنوا	2.16
فاذهب	2.77
فاذهبا	1.34
فاذوهما	0.00
فاراد	3.02
فارادوا	2.51
فاراه	1.78
فارتد	2.06
فارتدا	1.09
فارتقب	1.60
فارتقبهم	0.00
فارجع	2.46
فارجعنا	1.16
فارجعوا	1.93
فاردت	2.65
فاردنا	2.02
فارزقوهم	0.00
فارسل	3.51
فارسلنا	2.35
فارسله	2.33
فارسلوا	2.61
فارسلون	1.04
فارض	2.35
فارغا	3.41
فارغب	1.85
فارقوهن	0.00
فارهبون	1.41
فارهين	0.00
فاروني	1.60
فاز	4.75
فازره	0.00
فازلهما	1.32
فاسال	2.69
فاساله	2.15
فاسالوا	2.63
فاسالوهم	1.37
فاسالوهن	0.00
فاستاذنوك	0.00
فاستبشروا	2.01
فاستبقوا	2.15
فاستجاب	2.99
فاستجبتم	1.04
فاستجبنا	2.27
فاستحبوا	1.46
فاستخف	1.85
فاستشهدوا	1.31
فاستعذ	2.30
فاستعصم	1.04
فاستغاثه	0.00
فاستغفر	2.38
فاستغفروا	2.43
فاستغفروه	1.73
فاستغلظ	0.00
فاستفتهم	1.46
فاستقم	2.30
فاستقيما	0.00
فاستقيموا	2.53
فاستكبرتم	0.00
فاستكبروا	1.91
فاستمتعتم	0.00
فاستمتعوا	1.59
فاستمسك	1.80
فاستمع	2.54
فاستمعوا	2.30
فاستوي	1.50
فاسجد	1.70
فاسجدوا	1.90
فاسر	2.40
فاسرها	1.72
فاسعوا	2.36
فاسق	3.22
فاسقا	2.70
فاسقط	2.11
فاسقون	2.30
فاسقين	2.24
فاسقيناكموه	1.49
فاسكناه	1.34
فاسلك	1.64
فاسلكوه	1.35
فاسلكي	1.20
فاسمعون	0.00
فاشارت	2.02
فاشهدوا	2.12
فاصابتكم	0.00
فاصابه	2.14
فاصابها	1.75
فاصابهم	1.87
فاصبح	3.91
فاصبحت	3.76
فاصبحتم	1.97
فاصبحوا	2.76
فاصبر	2.72
فاصبروا	2.18
فاصحاب	2.45
فاصدع	1.94
فاصدق	1.88
فاصطادوا	0.00
فاصفح	1.92
فاصلح	2.29
فاصلحوا	2.54
فاصمهم	1.82
فاضرب	2.10
فاضربوا	1.55
فاضلونا	1.77
فاطاعوه	2.15
فاطر	3.22
فاطعام	0.00
فاطلع	1.79
فاطهروا	0.00
فاعبد	2.14
فاعبدني	1.84
فاعبده	1.77
فاعبدوا	1.29
فاعبدون	2.27
فاعبدوه	1.92
فاعتبروا	2.39
فاعتدوا	1.71
فاعترفنا	1.20
فاعترفوا	1.28
فاعتزلوا	1.20
فاعتزلون	0.00
فاعتلوه	0.00
فاعدلوا	1.60
فاعذبهم	0.00
فاعرض	2.81
فاعرضوا	1.60
فاعف	2.65
فاعفوا	1.76
فاعقبهم	1.31
فاعل	3.99
فاعلم	3.35
فاعلموا	2.66
فاعلون	3.21
فاعلين	3.26
فاعمل	2.40
فاعينوني	2.12
فاغرقناه	0.00
فاغرقناهم	1.54
فاغرينا	0.00
فاغسلوا	1.69
فاغشيناهم	1.88
فاغفر	3.08
فاغني	1.48
فاغويناكم	0.00
فافتح	2.21
فافرق	1.05
فافسحوا	1.32
فافعلوا	2.42
فافوز	1.40
فاقامه	1.74
فاقبره	1.42
فاقبل	2.96
فاقبلت	2.09
فاقبلوا	2.00
فاقتلوا	1.63
فاقتلوهم	1.50
فاقذفيه	0.00
فاقرءوا	1.87
فاقره	1.51
فاقصص	1.06
فاقض	2.06
فاقطعوا	1.44
فاقع	2.55
فاقعدوا	0.00
فاقم	2.31
فاقمت	1.83
فاقيموا	2.01
فاكتبنا	1.70
فاكتبوه	1.18
فاكثرت	1.62
فاكثروا	2.72
فاكرمه	2.64
فاكلا	1.62
فاكله	1.72
فاكهه	3.88
فاكهون	1.31
فاكهين	1.59
فاكون	2.42
فالان	2.90
فالتاليات	0.00
فالتقطه	1.18
فالتقمه	1.72
فالتقي	2.47
فالتمسوا	1.87
فالجاريات	1.36
فالحاملات	1.46
فالحق	2.78
فالحكم	2.75
فالذين	2.99
فالزاجرات	0.00
فالسابقات	0.00
فالصالحات	1.26
فالعاصفات	0.00
فالف	2.75
فالفارقات	0.00
فالق	2.77
فالقاها	1.38
فالقه	1.58
فالقوا	2.13
فالقوه	1.76
فالقي	2.69
فالقياه	0.00
فالقيه	1.51
فالله	3.79
فالم	1.14
فالمدبرات	0.00
فالمغيرات	1.18
فالمقسمات	1.44
فالملقيات	0.00
فالموريات	1.45
فالنار	2.42
فالهكم	1.23
فالهمها	1.48
فالينا	1.23
فاليه	2.05
فاليوم	3.61
فاما	3.88
فاماته	0.00
فامتحنوهن	1.04
فامتعه	0.00
فامساك	1.46
فامسحوا	0.00
فامسكوهن	1.09
فامشوا	2.13
فامطر	1.88
فامكن	1.75
فامليت	1.34
فامن	2.57
فامنا	2.15
فامنت	1.31
فامنن	1.63
فامنوا	2.51
فامه	2.02
فان	5.83
فانا	4.77
فانبتنا	1.92
فانبجست	0.00
فانبذ	1.51
فانبيكم	1.65
فانت	4.78
فانتبذت	1.34
فانتشروا	1.94
فانتصر	2.59
فانتظروا	2.34
فانتقمنا	1.48
فانتم	3.79
فانتهوا	2.20
فانتهي	2.53
فانجاه	1.48
فانجيناكم	0.00
فانجيناه	1.81
فانجيناهم	0.00
فانذر	2.16
فانذرتكم	1.23
فانزل	3.31
فانزلنا	1.50
فانساه	1.21
فانساهم	2.08
فانسلخ	1.86
فانشانا	1.04
فانشرنا	0.00
فانشزوا	1.48
فانصب	2.13
فانصرنا	2.07
فانطلقا	1.97
فانطلقوا	1.96
فانظر	3.36
فانظرني	1.69
فانظروا	2.84
فانظري	2.08
فانفجرت	2.19
فانفخ	0.00
فانفذوا	1.77
فانفروا	1.79
فانفقوا	1.04
فانفلق	1.60
فانقذكم	1.23
فانقلبوا	2.06
فانك	4.28
فانكحوا	1.69
فانكحوهن	0.00
فانكم	3.16
فانما	3.76
فانه	5.03
فانها	4.74
فانهار	2.15
فانهم	4.27
فاني	4.35
فاه	2.98
فاهبط	1.72
فاهجر	1.86
فاهدوهم	0.00
فاهلكته	1.04
فاهلكنا	0.00
فاهلكناهم	1.53
فاهلكوا	1.43
فاواري	0.00
فاواكم	1.50
فاوجس	1.68
فاوحي	2.14
فاوحينا	1.57
فاوردهم	1.41
فاوعي	1.78
فاوف	0.00
فاوفوا	1.36
فاوقد	1.74
فاولي	2.45
فاوليك	3.39
فاووا	1.66
فاوي	1.28
فاي	4.16
فاياي	1.51
فايدنا	1.30
فاين	3.76
فاينما	2.59
فباءوا	1.04
فباذن	1.97
فباي	2.85
فبايعهن	0.00
فبدا	3.36
فبدت	2.12
فبدل	2.53
فبذلك	2.88
فبراه	1.74
فبشر	2.05
فبشرناه	1.06
فبشرناها	1.09
فبشره	2.26
فبشرهم	2.17
فبصرت	1.18
فبصرك	1.97
فبظلم	1.61
فبعث	3.07
فبعدا	1.63
فبعزتك	1.96
فبغي	1.04
فبلغن	0.00
فبم	2.32
فبما	2.92
فبهت	2.09
فبهداهم	1.86
فبيس	2.47
فتاب	2.06
فتاتون	1.56
فتاتيهم	0.00
فتاكل	1.83
فتاها	2.14
فتبارك	2.37
فتبسم	2.36
فتبهتهم	1.28
فتبينوا	2.62
فتثير	2.09
فتح	5.02
فتحا	3.04
فتحت	4.49
فتحرير	1.80
فتحسسوا	1.61
فتحنا	3.31
فتحوا	3.35
فتخبت	0.00
فتخرجوه	0.00
فتخشي	1.21
فتخطفه	0.00
فتدلي	1.58
فتذروها	1.25
فتذكر	2.97
فتراه	2.37
فتربصوا	1.72
فتردي	1.60
فترضي	2.14
فتركه	2.29
فتره	5.41
فتري	3.29
فتزل	1.71
فتستجيبون	0.00
فتشابه	0.00
فتشقي	1.53
فتصبح	3.46
فتصبحوا	2.23
فتصيبكم	0.00
فتطاول	0.00
فتطردهم	0.00
فتعاطي	1.15
فتعالي	2.26
فتعالين	1.18
فتعرفونها	1.31
فتعسا	1.74
فتفجر	1.47
فتفرق	2.07
فتفشلوا	2.31
فتقبل	2.66
فتقبلها	1.84
فتقطعوا	1.37
فتقعد	1.90
فتقول	3.61
فتكفرون	1.16
فتكن	1.93
فتكون	3.77
فتكونا	1.45
فتكونون	1.56
فتكوي	0.00
فتلقي	2.73
فتلك	3.81
فتم	3.94
فتماروا	0.00
فتمتعوا	1.11
فتمثل	2.68
فتمسكم	2.01
فتمنوا	1.83
فتنا	2.54
فتنادوا	1.48
فتنازعوا	0.00
فتناه	1.19
فتنتك	1.94
فتنتكم	1.49
فتنتم	1.41
فتنته	2.36
فتنتهم	1.93
فتنفخ	0.00
فتنفعه	0.00
فتنقلبوا	1.63
فتنه	4.12
فتنوا	2.23
فتهاجروا	1.09
فتهجد	1.83
فتوبوا	1.91
فتوكل	2.51
فتوكلوا	1.84
فتول	1.94
فتولوا	1.22
فتولي	2.73
فتونا	0.00
فتي	4.01
فتياتكم	1.77
فتيان	3.48
فتيلا	2.38
فتيمموا	1.34
فتيه	3.17
فثبتوا	1.59
فثبطهم	1.53
فثم	2.42
فج	3.19
فجاء	3.58
فجاءته	2.19
فجاءها	1.87
فجاءوهم	0.00
فجاجا	1.51
فجاسوا	1.25
فجرت	3.39
فجزاء	1.58
فجزاوه	2.27
فجعل	3.36
فجعلتم	1.28
فجعلنا	1.77
فجعلناه	2.30
فجعلناها	0.00
فجعلناهم	2.00
فجعلناهن	1.73
فجعله	2.90
فجعلهم	1.98
فجمع	2.98
فجمعناهم	1.18
فجورها	1.78
فجوه	3.90
فحاسبناها	1.20
فحاق	1.42
فحبطت	1.25
فحدث	3.18
فحسبه	1.71
فحشر	0.00
فحق	2.78
فحكمه	2.38
فحملته	1.72
فحيوا	1.92
فخانتاهما	1.18
فخذ	3.50
فخذها	2.72
فخذوه	2.21
فخذوهم	0.00
فخر	4.24
فخراج	1.13
فخرج	3.55
فخسفنا	1.28
فخشينا	1.69
فخلف	2.55
فخلق	2.41
فخلقنا	1.91
فخلوا	1.61
فخور	4.04
فخورا	2.97
فداء	3.84
فدخلوا	2.36
فدعا	3.06
فدعوهم	2.06
فدكتا	1.48
فدلاهما	0.00
فدمدم	1.48
فدمرناها	1.90
فدمرناهم	1.04
فديه	3.54
فذاقت	1.48
فذاقوا	1.34
فذانك	0.00
فذبحوها	0.00
فذرني	1.49
فذرهم	1.92
فذروه	1.31
فذروها	1.04
فذكر	3.64
فذلك	4.08
فذلكم	1.62
فذلكن	0.00
فذو	2.01
فذوقوا	2.18
فذوقوه	0.00
فرات	3.23
فراتا	1.99
فرادي	2.92
فرارا	3.03
فراشا	2.55
فراغ	4.14
فراق	3.41
فراه	2.53
فراوه	1.35
فربكم	1.23
فرت	3.27
فرث	1.70
فرجالا	1.20
فرجت	2.36
فرجع	3.01
فرجعناك	1.18
فرجعوا	2.17
فرجل	2.29
فرجها	2.98
فرح	4.29
فرحوا	2.64
فرحون	2.73
فرحين	2.93
فردا	4.01
فرددناه	1.54
فردوا	2.31
فردوه	1.71
فررتم	1.65
فرش	3.53
فرشناها	0.00
فرض	4.73
فرضتم	1.59
فرضنا	2.68
فرطا	2.03
فرطت	2.58
فرطتم	1.09
فرطنا	2.51
فرعون	4.13
فرغت	3.23
فرق	4.89
فرقا	3.94
فرقانا	2.10
فرقت	3.29
فرقنا	2.78
فرقناه	1.53
فرقه	4.72
فرقوا	2.69
فرهان	1.07
فروج	2.69
فروجهم	2.42
فروجهن	2.29
فروح	2.26
فريا	2.67
فريضه	3.72
فريق	5.38
فريقا	4.16
فريقان	2.88
فزادتهم	1.18
فزادهم	2.40
فزادوهم	1.63
فزده	1.53
فزع	3.58
فزعوا	2.09
فزيلنا	1.31
فزين	1.60
فزينوا	1.55
فساء	2.34
فساد	4.37
فسادا	3.69
فساكتبها	1.28
فسالت	1.89
فساهم	2.43
فسبح	2.50
فسبحان	3.06
فسبحه	1.58
فستبصر	1.23
فستذكرون	1.51
فسترضع	0.00
فستعلمون	1.79
فسجد	2.21
فسجدوا	2.34
فسحقا	2.21
فسخرنا	1.13
فسق	2.45
فسقا	1.78
فسقناه	1.18
فسقوا	1.95
فسقي	2.08
فسلام	2.33
فسلكه	0.00
فسلموا	2.22
فسنيسره	2.23
فسواك	1.89
فسواها	1.81
فسواهن	1.31
فسوف	4.28
فسوق	2.72
فسوي	2.24
فسياتيهم	1.20
فسيحشرهم	0.00
فسيحوا	1.59
فسيدخلهم	0.00
فسيروا	1.92
فسيري	2.46
فسيعلمون	2.05
فسيقولون	2.06
فسيكفيكهم	1.94
فسينغضون	0.00
فسينفقونها	1.65
فسيوتيه	1.80
فشاربون	1.09
فشدوا	1.96
فشربوا	1.41
فشرد	1.57
فشلتم	2.59
فشهاده	1.91
فصالا	0.00
فصب	2.24
فصبر	2.74
فصبروا	1.96
فصدقت	1.66
فصدهم	1.76
فصدوا	1.52
فصرف	1.94
فصرهن	0.00
فصعق	2.03
فصكت	1.18
فصل	4.81
فصلت	3.71
فصلنا	2.81
فصلناه	2.05
فصلي	3.39
فصيام	1.76
فضحكت	2.34
فضرب	2.94
فضربنا	1.13
فضل	4.55
فضلا	4.79
فضلتكم	1.56
فضلكم	3.46
فضلنا	2.69
فضله	3.63
فضلوا	3.26
فضه	3.79
فطاف	2.01
فطال	2.31
فطبع	2.04
فطر	3.75
فطرت	2.72
فطركم	1.25
فطرنا	1.93
فطرني	1.71
فطرهن	0.00
فطفق	1.69
فطل	1.19
فطلقوهن	0.00
فطمسنا	0.00
فطهر	2.16
فطور	3.57
فطوعت	0.00
فظا	2.97
فظلت	2.36
فظلتم	1.23
فظلموا	1.58
فظلوا	1.87
فظن	2.72
فظنوا	2.48
فعاقبتم	0.00
فعاقبوا	1.71
فعال	4.39
فعتوا	1.09
فعجب	1.90
فعجل	2.11
فعدتهن	0.00
فعدلك	1.82
فعده	1.71
فعرفهم	1.11
فعززنا	0.00
فعسي	2.75
فعصوا	1.11
فعصي	1.90
فعظوهن	1.16
فعفونا	0.00
فعقر	1.38
فعقروا	1.56
فعقروها	1.66
فعل	5.36
فعلت	4.58
فعلتك	2.37
فعلتم	3.38
فعلته	4.16
فعلتها	3.54
فعلم	3.28
فعلموا	1.95
فعلن	2.78
فعلنا	3.57
فعله	4.78
فعلوا	4.03
فعلوه	3.56
فعلي	4.50
فعليكم	3.28
فعليه	3.63
فعليها	3.38
فعليهم	3.13
فعليهن	1.01
فعموا	1.32
فعميت	1.76
فعند	3.49
فغشاها	0.00
فغشيهم	0.00
فغفر	2.51
فغفرنا	1.09
فغلبوا	1.79
فغلوه	1.60
فغوي	1.48
ففتحنا	1.62
ففتقناهما	1.96
ففديه	0.00
ففررت	1.39
ففروا	2.44
ففريقا	0.00
ففزع	2.45
ففسق	0.00
ففسقوا	2.01
ففهمناها	1.09
ففي	4.90
فقاتل	2.67
فقاتلا	1.38
فقاتلوا	2.57
فقال	4.87
فقالت	3.82
فقالوا	3.75
فقبضت	1.50
فقتل	3.44
فقتله	3.10
فقد	5.73
فقدر	2.48
فقدرنا	1.61
فقدره	2.12
فقدموا	2.54
فقذفناها	1.04
فقراء	3.85
فقراه	2.19
فقربه	2.40
فقست	2.61
فقضاهن	1.71
فقضي	2.78
فقطع	2.72
فقعوا	1.97
فقل	3.47
فقلت	4.09
فقلنا	2.95
فقليلا	1.99
فقنا	2.14
فقولا	1.90
فقولوا	2.86
فقولي	2.50
فقير	4.07
فقيرا	3.73
فك	4.45
فكاتبوهم	0.00
فكان	4.80
فكانت	4.30
فكانما	3.26
فكانوا	3.59
فكاين	1.23
فكبت	1.46
فكبر	2.60
فكبكبوا	0.00
فكثركم	0.00
فكذب	2.13
فكذبت	2.02
فكذبنا	1.28
فكذبوا	1.50
فكذبوه	2.27
فكذبوهما	0.00
فكذلك	2.99
فكر	4.65
فكرهتموه	1.28
فكسونا	1.60
فكشفنا	2.14
فكف	2.56
فكفارته	0.00
فكفرت	1.89
فكفروا	1.98
فكفي	2.21
فكلا	2.87
فكلوا	2.53
فكلوه	1.96
فكلي	2.27
فكنتم	1.93
فكهين	1.34
فكيدون	1.04
فكيدوني	0.00
فكيف	4.62
فلا	5.32
فلاقطعن	0.00
فلامه	1.56
فلانا	3.32
فلانفسكم	1.50
فلانفسهم	1.50
فلبث	2.30
فلبثت	2.02
فلبيس	1.13
فلتقم	2.19
فلذلك	3.30
فلسوف	2.51
فلعرفتهم	1.23
فلعلك	2.63
فلعنه	1.76
فلقاتلوكم	0.00
فلك	4.03
فلكل	3.43
فلكم	2.80
فللذكر	1.01
فلله	2.90
فللوالدين	1.13
فلم	5.04
فلما	4.72
فلمسوه	1.04
فلن	4.65
فلناتينك	0.00
فلناتينهم	1.01
فلنحيينه	2.34
فلنذيقن	0.00
فلنسالن	0.00
فلنعم	1.76
فلنفسه	2.10
فلنقصن	0.00
فلننبين	0.00
فلنولينك	1.51
فله	3.91
فلها	3.19
فلهم	3.11
فلهما	1.44
فلهن	1.83
فلو	4.27
فلولا	3.38
فليات	2.47
فلياتكم	0.00
فلياتنا	1.41
فلياتوا	2.19
فلياكل	2.08
فليبتكن	0.00
فليتقوا	1.75
فليتنافس	2.26
فليتوكل	2.34
فليحذر	2.23
فليدع	2.15
فليذوقوه	0.00
فليرتقوا	0.00
فليس	4.49
فليستاذنوا	0.00
فليستجيبوا	2.31
فليستعفف	0.00
فليصلوا	0.00
فليصمه	1.62
فليضحكوا	1.09
فليعبدوا	1.44
فليعلمن	1.63
فليعمل	2.49
فليغيرن	1.28
فليفرحوا	2.16
فليقاتل	1.50
فليكتب	1.92
فليكفر	2.48
فليكونوا	1.88
فليلقه	1.38
فليمدد	1.48
فليملل	0.00
فلينظر	2.93
فلينفق	1.70
فليود	0.00
فليومن	2.36
فما	5.17
فماذا	4.32
فمال	2.39
فماليون	1.29
فماواهم	0.00
فمتاع	1.38
فمتعناهم	0.00
فمتعوهن	0.00
فمثله	2.10
فمحونا	1.56
فمرت	2.21
فمستقر	0.00
فمكث	2.82
فملاقيه	1.81
فمن	5.12
فمنكم	2.04
فمنه	2.35
فمنها	3.16
فمنهم	3.74
فمهل	0.00
فناداها	1.76
فنادته	1.98
فنادوا	1.62
فنادي	3.00
فناظره	1.01
فنبذتها	1.11
فنبذناه	0.00
فنبذناهم	1.50
فنبذوه	1.75
فنتبرا	1.28
فنتبع	1.34
فنجعل	1.72
فنجي	1.86
فنجيناك	0.00
فنجيناه	1.38
فنخرج	1.81
فنذر	1.86
فنردها	1.29
فنزل	3.15
فنسوا	1.40
فنسي	2.31
فنسيتها	1.48
فنسيهم	1.83
فنصف	2.41
فنظر	2.87
فنظره	1.92
فنظل	1.41
فنعم	3.17
فنعما	1.96
فنعمل	1.42
فنفخنا	1.60
فنفعها	1.23
فنقبوا	1.04
فنكون	2.24
فننبيكم	0.00
فننبيهم	0.00
فهب	2.61
فهدي	2.34
فهديناهم	1.42
فهذا	4.85
فهزموهم	2.09
فهل	4.65
فهم	5.11
فهو	5.25
فهي	5.11
فواحده	2.26
فواد	4.53
فوادك	2.65
فواق	2.06
فواكه	3.46
فوت	3.78
فوج	3.67
فوجا	2.50
فوجد	3.46
فوجدا	2.07
فوجدناها	1.94
فورب	1.89
فوربك	1.70
فورهم	1.61
فوزا	3.64
فوسطن	0.00
فوسوس	2.14
فوفاه	0.00
فوق	5.50
فوقاه	1.71
فوقاهم	1.56
فوقع	3.09
فوقكم	2.62
فوقه	3.83
فوقها	3.80
فوقهم	3.20
فوقهن	1.79
فوكزه	0.00
فول	3.85
فولوا	2.34
فوهب	1.73
فويل	2.98
في	7.54
فياتيهم	1.57
فياخذكم	1.09
فيبسطه	0.00
فيتبعون	2.68
فيتعلمون	1.49
فيتكم	1.23
فيتين	2.93
فيجعله	2.48
فيحفكم	0.00
فيحل	2.06
فيحلفون	1.58
فيحلوا	0.00
فيحيي	1.51
فيخرج	2.77
فيدخلهم	1.44
فيدمغه	1.83
فيدهنون	1.72
فيذرها	1.38
فيذهب	2.99
فيرسل	2.46
فيركمه	1.26
فيسبوا	1.71
فيستحيي	0.00
فيسحتكم	1.31
فيسخرون	1.30
فيسقي	1.71
فيشفعوا	0.00
فيصبحوا	1.92
فيصلب	0.00
فيصيب	2.38
فيضاعفه	2.06
فيضل	1.32
فيضلك	1.01
فيطمع	2.26
فيظللن	1.04
فيعتذرون	0.00
فيعذبه	1.59
فيعذبهم	0.00
فيعلمون	1.43
فيغرقكم	0.00
فيغفر	2.67
فيقتل	2.85
فيقتلون	2.14
فيقسمان	0.00
فيقول	4.51
فيقولوا	1.58
فيقولون	2.95
فيكشف	2.09
فيكم	3.96
فيكون	4.24
فيكيدوا	1.87
فيم	3.38
فيما	5.56
فيمت	1.25
فيمسك	2.02
فيمكث	1.84
فيموتوا	1.42
فيميلون	1.48
فينا	4.43
فينبيكم	2.23
فينبيهم	1.70
فينتقم	1.84
فينسخ	1.95
فينظر	2.58
فينظروا	1.92
فينقلبوا	1.16
فيه	6.00
فيها	6.00
فيهم	4.81
فيهما	4.04
فيهن	3.62
فيوحي	1.98
فيوخذ	2.56
فيوفيهم	1.16
فيومنوا	1.13
فيوميذ	2.19
فييوس	0.00
ق	4.51
قاب	3.05
قاتل	4.37
قاتلكم	2.05
قاتلهم	2.93
قاتلوا	3.42
قاتلوكم	2.00
قاتلوهم	2.38
قادر	4.77
قادرون	3.82
قادرين	4.34
قارعه	3.21
قارون	3.14
قاسيه	4.33
قاصدا	3.17
قاصرات	3.00
قاصفا	1.30
قاض	3.77
قاطعه	3.32
قاعا	2.23
قاعدا	2.79
قاعدون	1.63
قال	6.01
قالا	3.24
قالت	5.32
قالتا	2.23
قالها	4.08
قالوا	4.90
قام	5.58
قاموا	4.71
قانت	2.13
قانتا	2.19
قانتات	1.68
قانتون	1.67
قانتين	2.12
قاهرون	1.58
قايل	3.15
قايلها	2.78
قايلون	2.24
قايم	4.17
قايما	4.21
قايمه	5.32
قايمون	1.82
قبره	3.93
قبس	2.79
قبضا	1.94
قبضته	3.43
قبضناه	0.00
قبضه	4.06
قبل	6.29
قبلا	3.69
قبلتك	2.63
قبلتهم	2.33
قبلك	3.90
قبلكم	3.51
قبلنا	3.82
قبله	4.28
قبلها	4.17
قبلهم	3.84
قبلي	4.01
قبيلا	1.56
قتال	4.33
قتالا	3.27
قتر	2.28
قتره	2.40
قتل	5.42
قتلت	4.43
قتلتم	3.32
قتلتموهم	1.49
قتلنا	3.41
قتله	4.30
قتلهم	3.86
قتلوا	4.66
قتلوه	3.37
قتورا	0.00
قد	6.29
قدحا	2.72
قددا	1.88
قدر	4.97
قدرا	3.88
قدرنا	3.60
قدرناه	1.74
قدرناها	1.26
قدره	4.52
قدروا	3.03
قدروها	1.51
قدم	5.20
قدمت	4.92
قدمتم	2.81
قدمتموه	2.74
قدموا	4.13
قدير	3.80
قديرا	2.58
قديم	4.57
قرات	4.61
قرار	5.23
قرارا	4.42
قراطيس	1.97
قران	3.58
قرانا	3.07
قراناه	2.21
قرانه	2.58
قربا	3.56
قربات	1.38
قربانا	3.02
قربه	3.35
قربي	3.50
قرت	2.60
قرح	2.68
قرده	3.10
قرضا	3.34
قرطاس	2.40
قرن	4.33
قرنا	3.33
قرناء	2.47
قره	3.93
قروء	1.26
قرونا	2.89
قري	4.41
قريب	4.89
قريبا	5.02
قريتك	2.57
قريتكم	2.25
قريتنا	3.24
قريش	3.99
قرين	3.34
قرينا	2.43
قرينه	2.48
قريه	5.05
قست	2.71
قسم	5.30
قسمنا	2.99
قسمه	3.42
قسوره	2.09
قسوه	4.04
قسيسين	1.83
قصاص	2.97
قصد	4.29
قصصا	3.66
قصصنا	2.78
قصصناهم	0.00
قصصهم	3.17
قصمنا	1.51
قصورا	3.23
قصيا	1.91
قصيه	1.90
قضاها	3.70
قضوا	3.67
قضي	4.48
قضيت	4.13
قضيتم	2.35
قضينا	3.66
قطرا	2.27
قطران	2.90
قطع	5.02
قطعا	4.22
قطعت	4.14
قطعتم	2.61
قطعن	1.92
قطمير	1.97
قطنا	2.55
قطوفها	2.04
قعود	2.67
قعيد	2.34
قفينا	0.00
قل	4.93
قلب	5.01
قلبك	4.58
قلبه	4.54
قلبها	4.22
قلبي	4.83
قلبين	2.75
قلت	5.24
قلتم	3.20
قلته	3.79
قلن	2.90
قلنا	4.23
قلوب	4.51
قلوبكم	3.67
قلوبكما	1.73
قلوبنا	4.16
قلوبهم	4.19
قلي	3.46
قليل	5.02
قليلا	5.03
قليله	4.88
قليلون	3.34
قم	4.96
قمتم	3.27
قمطريرا	1.70
قميصه	3.35
قنطارا	1.84
قنطوا	1.69
قنوان	1.57
قنوط	2.01
قوا	2.44
قوارير	3.12
قواريرا	1.70
قواما	2.65
قوامون	2.49
قوامين	2.05
قوتكم	2.68
قوتلتم	0.00
قوتلوا	1.61
قوسين	3.43
قول	5.07
قولا	3.81
قولك	3.69
قولكم	2.91
قولنا	3.17
قوله	4.73
قولها	4.01
قولهم	3.67
قولوا	3.76
قولي	4.27
قوم	4.47
قوما	3.69
قومك	3.73
قومنا	2.99
قومه	4.04
قومها	2.95
قومهم	3.05
قومي	4.30
قوه	5.26
قوي	4.87
قويا	4.42
قيام	4.82
قياما	2.92
قيل	4.74
قيلا	2.65
قيما	3.53
قيمه	4.99
كاتب	4.74
كاتبا	3.83
كاتبون	2.28
كاتبين	2.62
كاحد	3.98
كاد	4.04
كادت	3.86
كادح	2.53
كادوا	3.30
كاذب	3.81
كاذبا	3.40
كاذبه	4.14
كاذبون	3.18
كاذبين	2.50
كارهون	2.51
كارهين	2.42
كاس	5.20
كاسا	3.27
كاشف	3.75
كاشفات	2.67
كاشفه	2.96
كاشفو	1.08
كاظمين	1.38
كافر	3.74
كافره	3.02
كافرون	2.55
كافرين	2.26
كافه	4.97
كافورا	2.16
كالاعلام	1.74
كالاعمي	2.20
كالانثي	2.04
كالانعام	2.28
كالتي	3.56
كالجبال	2.59
كالجواب	1.36
كالحجاره	2.34
كالحون	1.18
كالدهان	1.84
كالذي	3.58
كالذين	2.79
كالرميم	1.19
كالصريم	1.16
كالطود	1.89
كالظلل	1.16
كالعرجون	1.28
كالعهن	1.88
كالف	2.33
كالفجار	1.42
كالفخار	2.08
كالفراش	1.84
كالقصر	2.04
كالمجرمين	2.30
كالمعلقه	1.45
كالمفسدين	1.38
كالمهل	2.02
كالوهم	1.79
كامثال	2.18
كامله	4.97
كاملين	3.45
كان	6.55
كانا	4.51
كانت	6.31
كانتا	3.96
كانك	4.14
كانما	3.67
كانه	4.52
كانها	4.34
كانهم	3.95
كانهن	2.26
كانوا	5.52
كاهن	3.73
كبارا	2.96
كباسط	1.51
كباير	2.89
كبت	3.43
كبتوا	1.34
كبد	3.73
كبر	4.10
كبرت	4.11
كبره	2.78
كبير	5.67
كبيرا	5.09
كبيره	5.59
كبيرهم	2.99
كتاب	5.38
كتابا	4.35
كتابك	3.79
كتابنا	3.25
كتابه	4.68
كتابها	3.78
كتابهم	2.89
كتابيه	2.93
كتب	5.44
كتبت	4.75
كتبنا	3.52
كتبناها	2.45
كتم	3.35
كثر	4.24
كثرت	3.78
كثرتكم	1.96
كثره	4.42
كثيبا	1.43
كثير	5.31
كثيرا	5.52
كثيره	5.09
كجهر	1.88
كحب	2.61
كخشيه	0.00
كخلقه	0.00
كخيفتكم	0.00
كداب	2.13
كدت	3.42
كدحا	2.03
كدعاء	1.89
كدنا	2.64
كذاب	3.66
كذابا	2.82
كذب	4.39
كذبا	3.61
كذبت	3.60
كذبتم	2.54
كذبه	3.38
كذبوا	3.41
كذبوك	1.67
كذبوكم	1.04
كذبون	0.00
كذبوه	1.76
كذكركم	1.59
كذلك	5.47
كذلكم	1.25
كرام	3.25
كراما	2.50
كرب	3.36
كرتين	2.61
كرسيه	3.31
كرماد	1.81
كرمت	3.45
كرمنا	2.61
كره	5.17
كرها	3.32
كرهتموهن	0.00
كرهوا	2.74
كريم	4.91
كريما	3.67
كزرع	1.38
كسادها	1.28
كسالي	2.83
كسب	4.37
كسبا	2.28
كسبت	3.80
كسبتم	2.26
كسبوا	2.83
كسراب	1.67
كسفا	1.79
كسوتهم	1.36
كشجره	2.85
كشطت	1.64
كشف	4.82
كشفت	4.48
كشفنا	2.68
كصاحب	2.81
كصيب	1.25
كطي	2.03
كظلمات	1.21
كظيم	2.13
كعذاب	1.72
كعرض	2.97
كعصف	1.58
كغلي	0.00
كف	4.24
كفاتا	1.50
كفار	3.84
كفارا	2.78
كفاره	3.46
كفر	4.64
كفرا	2.94
كفران	2.22
كفرت	2.77
كفرتم	2.53
كفرنا	1.86
كفره	2.79
كفرهم	2.47
كفروا	3.71
كففت	2.10
كفل	3.00
كفلين	1.95
كفوا	3.38
كفور	2.64
كفورا	2.34
كفي	4.21
كفيلا	2.79
كفيناك	1.53
كفيه	2.87
كل	6.60
كلا	5.10
كلاله	1.81
كلام	4.90
كلاهما	4.36
كلبهم	2.46
كلتا	4.12
كلتم	0.00
كلم	4.22
كلما	5.04
كلمات	5.01
كلمت	3.24
كلمتنا	2.85
كلمح	2.33
كلمه	5.36
كله	5.19
كلها	5.21
كلهم	4.73
كلهن	3.23
كلوا	3.32
كلي	4.16
كم	5.43
كما	6.26
كماء	2.49
كمثل	3.79
كمثله	2.68
كمشكاه	1.54
كمن	4.04
كن	4.97
كنا	5.33
كنت	5.91
كنتم	4.67
كنتن	2.35
كنز	4.00
كنزتم	0.00
كنزهما	1.63
كنفس	2.23
كهشيم	1.29
كهفهم	1.92
كهيعص	1.59
كهييه	3.14
كورت	3.73
كوكب	4.46
كوكبا	3.09
كونوا	4.08
كوني	4.67
كي	5.20
كيد	3.84
كيدا	2.93
كيدكم	1.60
كيدكن	1.93
كيده	2.56
كيدهم	2.74
كيدهن	2.27
كيدون	2.09
كيدي	2.90
كيف	5.89
كيل	3.62
لا	6.93
لابايهم	2.28
لابتغوا	0.00
لابثين	1.44
لابراهيم	3.00
لابنه	3.72
لابي	4.03
لابيه	3.62
لات	2.75
لاتبعتم	1.04
لاتبعناكم	0.00
لاتبعوك	1.28
لاتخذت	1.87
لاتخذن	0.00
لاتخذناه	1.16
لاتخذوك	1.18
لاتوها	0.00
لاتينا	2.10
لاتيناهم	1.21
لاتينهم	1.46
لاتيه	2.61
لاثم	0.00
لاجد	3.46
لاجدن	1.48
لاجرا	1.75
لاجعلنك	1.21
لاجل	4.79
لاحتنكن	0.00
لاحد	4.85
لاحدهما	2.58
لاحدي	3.85
لاختلفتم	1.20
لاخته	2.83
لاخذنا	1.85
لاخراهم	0.00
لاخوانهم	2.47
لاخيه	3.59
لادم	3.03
لاذبحنه	1.45
لاذقناك	1.21
لارتاب	0.00
لارجمنك	1.34
لاريناكهم	1.12
لازب	2.13
لازواجك	2.02
لازواجهم	1.58
لازيدنكم	2.33
لازينن	1.28
لاستغفرن	0.00
لاستكثرت	1.62
لاسجد	0.00
لاسقيناهم	1.68
لاسمعهم	1.60
لاصحاب	3.93
لاصطفي	1.23
لاصلبنكم	1.04
لاظنك	1.75
لاظنه	1.77
لاعبين	4.25
لاعدل	1.49
لاعدوا	1.44
لاعذبنه	1.42
لاعنتكم	0.00
لاغلبن	1.64
لاغوينهم	1.97
لاغيه	2.57
لافتدت	0.00
لافتدوا	1.18
لاقتلك	2.03
لاقتلنك	1.98
لاقرب	3.37
لاقطعن	1.70
لاقعدن	1.91
لاقيه	2.08
لاكثرهم	1.48
لاكفر	1.49
لاكفرن	0.00
لاكلوا	0.00
لاكلون	1.23
لاكونن	1.84
لاكيدن	1.36
لالي	2.42
لاماره	2.23
لاماناتهم	2.18
لامر	4.14
لامراته	1.88
لامستم	1.34
لامسكتم	0.00
لاملان	1.88
لامن	2.81
لان	5.65
لانت	2.47
لانتصر	1.65
لانتم	1.75
لانذركم	0.00
لانزل	2.13
لانعمه	1.63
لانفسكم	3.29
لانفسهم	3.83
لانفضوا	2.18
لاهب	1.75
لاهل	4.21
لاهله	3.56
لاهيه	2.14
لاواه	1.21
لاوتين	1.18
لاول	4.94
لاولاهم	0.00
لاولنا	0.00
لاولي	2.72
لاي	5.00
لايات	3.09
لاياتنا	1.44
لايلاف	0.00
لايم	3.04
لايمانكم	1.48
لايه	2.91
لباس	3.97
لباسا	3.14
لباسهما	1.79
لبالمرصاد	1.93
لبامام	0.00
لبث	3.83
لبثت	3.44
لبثتم	2.17
لبثنا	2.32
لبثوا	2.55
لبدا	2.37
لبرز	0.00
لبس	4.17
لبسبيل	0.00
لبشر	2.92
لبشرين	1.16
لبعثنا	0.00
لبعض	4.93
لبعولتهن	1.51
لبغوا	1.44
لبلاغا	0.00
لبلد	3.38
لبن	3.85
لبنا	2.71
لبني	3.63
لبنيه	2.01
لبوس	2.23
لبيت	3.74
لبيس	2.31
لبيوتهم	2.49
لتاتنني	0.00
لتاتون	1.76
لتاتينكم	0.00
لتاخذوها	0.00
لتاركو	0.00
لتافكنا	1.16
لتاكلوا	2.18
لتبتغوا	1.68
لتبدي	2.14
لتبشر	1.70
لتبعثن	1.59
لتبلغوا	1.15
لتبلون	1.39
لتبين	3.06
لتبيننه	1.86
لتتلو	1.34
لتجدن	1.72
لتجري	2.67
لتجزي	1.61
لتحسبوه	0.00
لتحصنكم	1.16
لتحكم	3.03
لتحملهم	1.68
لتخرج	3.49
لتخرجنا	0.00
لتخرجوا	2.18
لتدخلن	1.01
لتدعوهم	1.25
لتذكره	2.26
لتذهبوا	1.70
لتردين	1.31
لترضوا	1.20
لترضي	2.37
لتركبن	1.59
لتركبوا	1.06
لتركبوها	1.70
لترون	1.82
لترونها	0.00
لتزول	2.01
لتسالن	1.81
لتستووا	1.31
لتسحرنا	1.23
لتسكنوا	2.52
لتسلكوا	1.34
لتشرك	1.50
لتشقي	1.98
لتشهدون	0.00
لتضيقوا	0.00
لتعارفوا	2.45
لتعتدوا	0.00
لتعجل	1.62
لتعرضوا	1.50
لتعلم	3.98
لتعلموا	2.60
لتعودن	1.26
لتغرق	2.40
لتغفر	2.17
لتفتروا	1.60
لتفتري	1.25
لتفسدن	1.68
لتقتلني	1.97
لتقراه	2.05
لتقولون	1.04
لتكبروا	1.73
لتكفرون	1.55
لتكون	4.75
لتكونن	1.84
لتكونوا	2.90
لتلفتنا	1.08
لتلقي	3.86
لتمرون	0.00
لتنبون	1.23
لتنبينهم	1.04
لتنذر	2.08
لتنزيل	2.71
لتنفقوا	1.36
لتنوء	0.00
لتهتدوا	1.44
لتهدي	1.75
لتولوا	1.36
لتومنن	0.00
لتومنوا	2.16
لثمود	1.23
لجاءهم	1.04
لجاعلون	1.20
لجالوت	1.23
لجبريل	1.74
لجعل	4.35
لجعلكم	2.35
لجعلنا	2.78
لجعلناه	1.74
لجعله	3.37
لجعلهم	2.94
لجلودهم	1.58
لجمعهم	1.97
لجميع	4.86
لجنبه	1.31
لجه	2.60
لجهنم	2.62
لجوا	1.74
لجي	2.57
لحافظون	2.66
لحافظين	1.53
لحب	3.41
لحبط	1.67
لحدود	3.25
لحديث	3.30
لحسره	1.32
لحسن	4.22
لحق	4.02
لحكم	4.05
لحكمه	3.25
لحكمهم	2.31
لحليم	1.58
لحم	4.56
لحما	3.13
لحن	3.90
لحومها	2.78
لحياتي	3.37
لخاسرون	1.51
لخاطيين	1.23
لخبير	2.63
لخرجنا	1.54
لخزنه	1.60
لخسف	1.24
لخلق	4.04
لدا	2.75
لداوود	1.86
لدلوك	1.86
لدن	3.34
لدنا	2.58
لدنك	2.80
لدنه	2.39
لدني	1.77
لدي	5.54
لدينا	5.15
لديه	5.11
لديهم	5.14
لذايقو	0.00
لذايقون	0.00
لذكر	3.62
لذكري	3.65
لذكورنا	0.00
لذنبك	2.26
لذنوبهم	2.14
لذه	3.56
لذهب	2.78
لذو	2.64
لذي	3.36
لرءوف	1.77
لرادك	1.82
لرايته	2.24
لرب	3.20
لربك	2.83
لربكم	1.88
لربه	3.13
لربها	2.35
لربهم	2.69
لرجل	4.25
لرجمناك	1.11
لرحمه	2.60
لرزقنا	1.29
لرسلهم	1.21
لرسول	3.46
لرسوله	2.99
لرفعناه	1.48
لرقيك	1.26
لزاما	3.60
لزلفي	1.21
لساحر	2.24
لساحران	1.34
لسارقون	1.18
لسان	4.43
لسانا	2.91
لسانك	3.87
لساني	3.62
لسبا	0.00
لست	4.99
لستم	3.46
لستن	2.28
لسحر	2.51
لسريع	1.56
لسعيه	2.03
لسعيها	1.50
لسلطهم	0.00
لسليمان	2.77
لسميع	1.81
لسنت	1.83
لسنتنا	1.18
لسنه	4.63
لسوف	3.18
لشاعر	3.25
لشتي	2.76
لشديد	2.45
لشر	2.47
لشرذمه	1.45
لشركاينا	1.69
لشركايهم	1.73
لشهادتنا	1.14
لشهيد	2.35
لشوبا	0.00
لشيء	4.16
لصاحبه	3.60
لصادق	2.24
لصادقون	1.58
لصالو	0.00
لصوت	3.56
لضالون	0.00
لطمسنا	0.00
لطيف	4.43
لطيفا	3.83
لظالمون	1.09
لظالمين	0.00
لظلم	2.76
لظلوا	1.53
لظلوم	1.84
لظي	2.31
لعاد	2.05
لعادوا	1.45
لعال	1.31
لعب	4.79
لعبا	3.08
لعبادته	2.54
لعبادنا	1.04
لعباده	3.29
لعبادي	2.29
لعبره	2.11
لعجل	1.76
لعدتهن	0.00
لعذبنا	0.00
لعذبهم	1.45
لعفو	1.96
لعل	4.34
لعلك	3.74
لعلكم	3.52
لعلم	3.74
لعلمه	2.71
لعلنا	3.24
لعله	3.94
لعلهم	3.44
لعلي	3.99
لعليم	1.05
لعمرك	2.61
لعملكم	1.80
لعن	3.67
لعنا	2.35
لعناهم	1.25
لعنت	2.88
لعنتم	1.34
لعنتي	2.24
لعنه	4.22
لعنهم	2.90
لعنوا	2.13
لغافلون	1.50
لغافلين	1.23
لغايظون	0.00
لغد	2.84
لغفار	1.92
لغفور	2.26
لغلامين	1.53
لغني	2.22
لغو	2.45
لغوا	2.55
لغوب	2.01
لغوي	3.64
لغير	4.05
لفاسقون	0.00
لفاسقين	1.23
لفاعلون	0.00
لفتاه	2.75
لفتحنا	2.11
لفتيانه	1.53
لفرح	2.31
لفرعون	2.64
لفروجهم	1.24
لفريقا	0.00
لفسدت	2.16
لفسدتا	1.89
لفسق	0.00
لفشلتم	0.00
لفضله	2.33
لفي	3.35
لفيفا	2.35
لقاء	4.97
لقاءنا	2.91
لقادر	2.09
لقادرون	1.87
لقال	2.69
لقالوا	2.44
لقايه	3.66
لقتال	3.58
لقد	5.67
لقدير	2.16
لقران	2.05
لقسم	3.92
لقضي	2.10
لقطعنا	0.00
لقلنا	2.04
لقلوبكم	2.02
لقمان	3.49
لقوا	3.75
لقوكم	0.00
لقول	3.86
لقولهم	2.17
لقوم	3.32
لقومكما	1.31
لقومه	2.91
لقومهم	2.19
لقوي	2.76
لقيا	2.74
لقيتم	2.38
لقينا	2.84
لك	6.10
لكاذبون	2.25
لكارهون	1.18
لكافرون	0.00
لكان	4.25
لكبيركم	1.29
لكبيره	2.41
لكتاب	3.99
لكثير	4.00
لكفرنا	1.04
لكفور	1.39
لكل	5.56
لكلمات	3.30
لكلماته	2.41
لكم	5.48
لكما	3.28
لكن	6.03
لكنا	3.25
لكنت	3.54
لكنتم	2.26
لكنود	1.49
لكي	5.19
لكيلا	2.97
للابرار	1.61
للاخره	2.72
للاخرين	4.14
للاذقان	1.95
للاسلام	4.25
للاكلين	1.11
للانام	1.95
للانسان	4.18
للاوابين	1.23
للايمان	3.36
للبث	3.40
للبشر	3.95
للتقوي	2.74
للتي	2.94
للجبل	3.09
للجبين	1.45
للجوا	0.00
للحرب	4.35
للحسني	0.00
للحق	3.70
للحواريين	1.16
للحي	3.11
للخاينين	1.62
للخبيثات	1.66
للخبيثين	1.55
للخروج	4.34
للخير	3.54
للدين	3.99
للذاكرين	2.03
للذكر	3.35
للذي	3.46
للذين	4.09
للرجال	4.42
للرحمن	2.61
للرسل	2.71
للرويا	1.90
للزكاه	2.58
للساعه	3.20
للسايل	2.89
للسايلين	2.11
للسحت	1.66
للسلم	3.01
للسمع	2.89
للشاربين	2.27
للشمس	3.74
للشهاده	3.25
للشوي	1.99
للشياطين	2.91
للشيطان	3.44
للصابرين	2.13
للصلاه	4.07
للطاغين	1.62
للطايفين	2.11
للطيبات	1.92
للطيبين	2.08
للظالمين	2.69
للعابدين	1.86
للعالمين	3.43
للعباد	2.83
للعبيد	3.39
للعسري	1.95
للغاوين	0.00
للغيب	2.02
للفقراء	3.72
للقاسيه	1.70
للقتال	4.29
للقمر	3.60
للقوم	2.57
للكافرين	2.84
للكتب	3.67
للكذب	3.10
للكفر	2.37
للمتقين	3.19
للمتكبرين	1.56
للمتوسمين	0.00
للمجرمين	2.95
للمحسنات	1.57
للمحسنين	2.05
للمخلفين	0.00
للمسرفين	1.46
للمسلمين	4.43
للمشركين	2.58
للمصلين	3.07
للمطففين	1.94
للمقوين	1.34
للمكذبين	2.23
للملا	2.28
للملايكه	2.91
للموقنين	1.25
للمومنات	2.41
للمومنين	3.59
للناس	4.77
للناظرين	2.50
للنبي	3.74
لله	5.08
للهدي	2.00
للوالدين	3.20
لليتامي	2.08
لليسري	2.25
لم	6.39
لما	5.68
لمبتلين	0.00
لمبعوثون	1.54
لمبلسين	0.00
لمتنني	0.00
لمثل	4.12
لمثله	2.57
لمثوبه	1.04
لمجموعون	1.16
لمجنون	2.59
لمحجوبون	1.09
لمحضرون	1.24
لمحيطه	1.69
لمحيي	1.92
لمخرجون	0.00
لمدركون	1.68
لمدين	1.56
لمدينون	0.00
لمردودون	0.00
لمرسلون	0.00
لمزه	1.77
لمساكين	1.51
لمستقر	2.02
لمسجد	3.27
لمسخناهم	1.20
لمسرفون	0.00
لمسكم	1.59
لمسنا	3.20
لمشركون	0.00
لمع	3.40
لمعزولون	0.00
لمعكم	0.00
لمغرمون	0.00
لمغفره	2.43
لمفعولا	1.53
لمقت	1.85
لمكر	1.92
لمن	5.16
لمنجوهم	0.00
لمنقلبون	1.87
لمنكم	1.21
لمهتدون	1.48
لمهلكهم	1.36
لموسعون	1.13
لموسي	3.13
لموعدهم	0.00
لموفوهم	0.00
لمومن	2.69
لميتون	1.59
لميقات	1.13
لميقاتنا	0.00
لن	5.79
لنا	5.70
لناصحون	1.26
لناكبون	0.00
لنبذ	2.66
لنبلوهم	1.23
لنبوينهم	1.31
لنبي	2.94
لنبيتنه	1.18
لنبين	2.08
لنت	2.75
لنتخذن	1.25
لنثبت	2.63
لنجعلها	2.62
لنحرقنه	1.04
لنحشرنهم	0.00
لنحضرنهم	0.00
لنحن	2.10
لنحيي	2.03
لنخرج	2.59
لنخرجن	1.13
لنخرجنك	0.00
لنخرجنكم	1.21
لندخلنهم	0.00
لنذهبن	1.16
لنذيقهم	1.41
لنراك	2.47
لنراها	2.15
لنرجمنكم	1.31
لنرسل	1.96
لنريك	1.16
لنريه	2.49
لنزلنا	1.20
لنسالنهم	1.50
لنسفعا	0.00
لنسلم	1.84
لنصدقن	0.00
لنصرف	2.04
لنظنك	1.16
لنعبد	1.67
لنعلم	2.78
لنغرينك	1.26
لنفتنهم	1.56
لنفد	1.87
لنفس	4.20
لنفسد	1.69
لنفسه	4.49
لنفسي	4.37
لنقولن	0.00
لنكفرن	0.00
لنكونن	2.23
لننجينه	0.00
لننزعن	1.12
لننسفنه	1.09
لننصر	1.82
لننصرنكم	0.00
لننظر	3.17
لنهتدي	2.00
لنهدينهم	2.34
لنهلكن	1.09
لنوره	2.13
لنومنن	1.23
له	6.12
لها	5.90
لهاد	2.22
لهب	3.64
لهداكم	1.37
لهدمت	2.04
لهدي	1.77
لهديناكم	0.00
لهذا	5.51
لهم	5.69
لهما	4.41
لهمت	0.00
لهن	4.29
لهو	3.95
لهوا	2.47
لهي	3.09
لو	5.97
لواحد	3.84
لواحه	2.33
لواذا	0.00
لواقح	1.67
لواقع	3.57
لوالديه	3.14
لوجدوا	2.39
لوجه	4.26
لوح	3.91
لوط	3.36
لوطا	2.45
لوقتها	2.45
لوقعتها	1.56
لولا	4.50
لولو	3.51
لولوا	2.16
لوليت	1.70
لوليه	2.06
لومه	3.00
لونها	3.95
لووا	1.65
لي	6.09
ليا	4.05
لياتيني	1.78
لياخذ	3.45
لياخذوه	1.80
لياكلوا	2.28
لياكلون	1.56
ليال	4.03
ليالي	4.11
ليبتليكم	0.00
ليبدي	1.96
ليبطين	0.00
ليبعثن	1.48
ليبغي	0.00
ليبلغ	3.39
ليبلو	1.59
ليبلوكم	2.46
ليبلونكم	1.12
ليبلوني	1.13
ليبين	2.98
ليت	3.87
ليتخذ	2.82
ليتساءلوا	0.00
ليتفقهوا	1.50
ليتنا	3.03
ليتني	3.75
ليتها	2.68
ليتوبوا	1.78
ليثبت	3.41
ليثبتوك	1.46
ليجادلوكم	0.00
ليجزي	1.83
ليجزيك	1.36
ليجزيهم	1.31
ليجعل	3.25
ليجمعنكم	1.63
ليحاجوكم	0.00
ليحبطن	2.02
ليحزن	2.33
ليحزنك	1.48
ليحزنني	1.75
ليحق	1.60
ليحكم	3.15
ليحملوا	2.10
ليخرج	3.56
ليخرجكم	1.93
ليخرجن	1.84
ليخرجوك	1.41
ليدبروا	2.20
ليدحضوا	1.58
ليدخل	3.35
ليدخلنهم	0.00
ليذر	2.25
ليذكروا	2.03
ليذهب	3.38
ليذوق	1.76
ليذوقوا	1.98
ليذيقهم	1.92
ليربو	1.16
ليردوهم	1.21
ليرزقنهم	0.00
ليرضوكم	0.00
ليروا	3.24
ليريكم	1.45
ليريه	2.32
ليريهما	0.00
ليزدادوا	2.20
ليزلقونك	1.80
ليس	5.92
ليسال	2.89
ليست	5.49
ليستاذنكم	0.00
ليستخفوا	0.00
ليستخلفنهم	1.31
ليستفزونك	1.12
ليستيقن	1.42
ليسجنن	0.00
ليسجننه	1.34
ليسكن	2.52
ليسكنوا	2.15
ليسمون	1.09
ليسوءوا	0.00
ليسوا	4.58
ليشتروا	2.29
ليشهدوا	2.60
ليصبحن	2.13
ليصدوا	2.00
ليصدونهم	1.58
ليصرمنها	1.48
ليضل	2.39
ليضلنا	1.23
ليضلوا	1.68
ليضلون	0.00
ليضيع	2.17
ليطاع	0.00
ليطغي	1.94
ليطفيوا	2.05
ليطلعكم	0.00
ليطمين	2.85
ليطهركم	1.60
ليظلمهم	0.00
ليظهره	2.55
ليعبدوا	2.52
ليعبدون	2.59
ليعجزه	1.21
ليعذب	1.99
ليعذبهم	1.96
ليعلم	3.45
ليعلموا	2.52
ليعلمون	1.70
ليغفر	2.79
ليغيظ	1.49
ليفتدوا	1.04
ليفتنونك	1.25
ليفجر	2.30
ليفسد	2.32
ليفسدوا	1.80
ليقتلوك	1.89
ليقربونا	1.58
ليقض	1.78
ليقضوا	2.28
ليقضي	3.16
ليقطع	2.73
ليقولن	2.45
ليقولوا	2.99
ليقولون	2.08
ليقوم	3.95
ليقيموا	2.36
ليكتمون	1.04
ليكفر	2.11
ليكفروا	1.62
ليكون	4.74
ليكونا	2.93
ليكونن	2.48
ليكونوا	3.82
ليلا	4.55
ليله	5.15
ليلها	2.77
ليمسن	0.00
ليمكروا	1.44
ليميز	2.32
لين	4.54
لينا	4.26
لينبذن	0.00
لينذر	2.26
لينذركم	1.20
لينصرنه	1.42
لينفروا	1.74
لينفق	2.30
لينه	3.51
ليهديهم	1.73
ليهلك	2.32
ليواطيوا	0.00
ليوحون	0.00
ليوذن	1.50
ليوسف	3.22
ليوفينهم	1.40
ليوفيهم	1.41
ليولن	1.14
ليوم	4.56
ليومنن	1.45
ليومنوا	2.17
لييوس	0.00
ما	6.85
ماء	4.83
ماءك	2.08
ماءها	2.63
ماب	3.12
مابا	2.29
مات	4.98
ماتوا	4.22
ماتيا	2.41
ماذا	5.43
مارب	2.80
مارج	3.03
مارد	3.01
ماكثون	1.67
ماكثين	1.54
ماكول	2.69
مال	4.70
مالا	4.32
مالك	4.90
مالكون	2.07
ماله	4.12
ماليه	3.46
مامنه	2.22
مامون	3.57
مانعتهم	1.66
ماواكم	1.60
ماواهم	2.36
ماوكم	1.66
ماوها	2.62
مايتين	3.04
مايده	3.79
مايه	4.64
مبارك	4.86
مباركا	3.44
مباركه	3.74
مبتليكم	1.01
مبثوثه	2.04
مبدل	2.85
مبديه	1.04
مبرءون	1.21
مبرمون	0.00
مبسوطتان	2.08
مبشرا	3.12
مبشرات	2.44
مبشرين	2.76
مبصرا	2.28
مبصره	2.48
مبصرون	2.07
مبطلون	1.48
مبعدون	2.15
مبعوثون	2.41
مبلسون	1.50
مبلغهم	1.72
مبنيه	4.08
مبوا	1.31
مبين	3.92
مبينا	3.70
مبينات	2.45
مبينه	3.23
مت	4.20
متاب	1.58
متابا	1.54
متاع	3.55
متاعا	2.72
متاعنا	2.32
متاعهم	2.13
متبر	1.41
متبرجات	1.99
متبعون	1.94
متتابعين	2.36
متجانف	0.00
متجاورات	1.13
متحرفا	1.59
متحيزا	2.82
متخذ	2.75
متخذات	0.00
متخذي	2.07
متراكبا	1.35
متربص	2.41
متربصون	1.50
متربه	2.04
مترفوها	1.56
مترفين	1.83
مترفيها	2.09
مترفيهم	0.00
متشابه	3.16
متشابها	2.59
متشابهات	2.73
متشاكسون	1.64
متصدعا	2.26
متعت	2.07
متعتهم	2.23
متعمدا	3.50
متعنا	2.17
متعناه	0.00
متعناهم	1.20
متفرقه	3.98
متفرقون	2.45
متقابلين	2.93
متقلبكم	1.04
متكا	2.38
متكبر	3.07
متكيون	1.53
متكيين	2.23
متم	2.99
متنا	3.25
متوفيك	1.36
متي	5.17
متين	3.60
مثابه	2.52
مثاني	2.18
مثبورا	1.04
مثقال	3.41
مثقله	3.10
مثقلون	1.90
مثل	6.12
مثلا	4.98
مثلكم	3.52
مثلنا	3.87
مثله	4.45
مثلها	4.35
مثلهم	4.00
مثلهن	2.76
مثليها	1.80
مثليهم	0.00
مثني	3.52
مثواكم	1.73
مثواه	3.19
مثواي	1.98
مثوبه	1.93
مثوي	2.63
مجتمعون	2.64
مجذوذ	1.66
مجراها	3.31
مجرما	3.46
مجرمون	3.27
مجرمين	3.76
مجرميها	1.71
مجمع	4.56
مجموع	4.40
مجنون	4.23
مجيب	3.44
مجيد	4.14
محاريب	2.24
محبه	4.22
محتضر	1.85
محجورا	2.09
محدث	3.42
محذورا	1.81
محررا	3.16
محرم	4.21
محرما	3.43
محرمه	3.43
محرومون	2.75
محسن	4.47
محسنون	2.20
محسنين	2.37
محسورا	1.89
محشوره	2.26
محصنات	1.60
محصنه	3.45
محصنين	2.74
محضرا	2.42
محضرون	1.97
محظورا	3.10
محفوظ	4.23
محفوظا	2.85
محكمات	2.11
محكمه	4.89
محلقين	1.94
محله	3.98
محلها	3.80
محلي	4.30
محمد	6.11
محمودا	2.91
محياهم	2.13
محيص	2.25
محيصا	0.00
محيط	4.47
محيطا	2.85
مختال	2.35
مختالا	2.03
مختلف	5.30
مختلفا	4.33
مختلفون	3.30
مختلفين	4.16
مختوم	2.87
مخذولا	1.98
مخرج	4.46
مخرجا	3.76
مخرجون	2.11
مخزي	3.18
مخضره	2.51
مخضود	1.69
مخلدون	2.36
مخلصا	3.67
مخلصون	2.68
مخلصين	3.41
مخلف	2.73
مخلقه	2.07
مخمصه	1.30
مد	4.16
مدا	2.90
مدادا	2.27
مدبرا	3.26
مدبرين	2.54
مدت	3.03
مدتهم	1.91
مدحورا	2.21
مدخل	4.37
مدخلا	3.27
مددا	2.80
مددناها	1.75
مدرارا	2.62
مدكر	2.32
مدهامتان	1.11
مدهنون	0.00
مدين	3.63
مدينين	2.52
مذءوما	1.27
مذبذبين	1.53
مذعنين	1.18
مذكر	3.18
مذكورا	2.94
مذموم	2.82
مذموما	2.50
مر	4.92
مراء	2.02
مرات	5.12
مراغما	1.11
مرتاب	2.29
مرتان	3.25
مرتفقا	1.09
مرتقبون	0.00
مرتين	4.76
مرج	3.36
مرجعكم	2.36
مرجعهم	2.28
مرجوا	1.53
مرجون	1.27
مرحا	3.23
مرحبا	4.70
مرد	3.02
مردا	2.22
مردفين	1.82
مردنا	1.36
مردوا	1.48
مردود	3.35
مرساها	2.02
مرسل	3.47
مرسلا	2.73
مرسله	3.31
مرسلو	1.59
مرسلون	1.82
مرسلين	2.40
مرشدا	2.98
مرصادا	1.49
مرصد	3.85
مرصوص	2.19
مرض	4.90
مرضا	3.62
مرضات	2.35
مرضاتي	0.00
مرضت	3.42
مرضعه	2.69
مرضي	4.46
مرضيا	3.17
مرضيه	3.97
مرفقا	2.75
مرفوعه	3.48
مرقدنا	1.57
مرقوم	1.55
مركوم	1.42
مره	5.76
مروا	3.63
مريب	3.57
مريج	1.84
مريد	3.13
مريدا	2.36
مريضا	4.04
مريم	4.86
مريه	2.48
مرييا	2.40
مزاجها	2.89
مزجاه	1.40
مزدجر	0.00
مزقتم	1.35
مزيد	4.76
مس	3.89
مساجد	4.21
مساس	2.67
مسافحات	0.00
مسافحين	0.00
مساكن	3.90
مساكنكم	2.12
مساكنهم	3.37
مساكين	3.41
مستانسين	1.27
مستبشره	2.12
مستبصرين	1.52
مستخف	2.12
مستخلفين	1.65
مستسلمون	1.60
مستضعفون	1.99
مستضعفين	1.99
مستطر	1.41
مستطيرا	2.07
مستقبل	4.66
مستقر	3.93
مستقرا	3.43
مستقرها	2.32
مستقيم	4.09
مستقيما	3.36
مستكبرا	1.90
مستكبرون	1.40
مستكبرين	1.36
مستمر	4.56
مستمسكون	1.38
مستمعهم	1.08
مستمعون	1.57
مستنفره	1.89
مسته	2.04
مستهزيون	1.46
مستهم	2.15
مستورا	2.81
مسجد	4.84
مسجدا	3.78
مسحا	2.96
مسحورا	2.49
مسحورون	1.58
مسخرات	2.06
مسد	2.33
مسرف	2.51
مسرفون	1.71
مسرفين	1.64
مسرورا	3.31
مسطور	2.16
مسطورا	1.30
مسغبه	1.69
مسفره	2.22
مسفوحا	0.00
مسك	3.82
مسكم	1.80
مسكنهم	2.53
مسكوب	2.22
مسكونه	3.06
مسكين	3.91
مسكينا	3.03
مسلما	4.16
مسلمات	2.96
مسلمه	4.28
مسلمون	3.99
مسلمين	4.27
مسمع	2.68
مسمي	4.36
مسنا	3.29
مسنده	2.68
مسنون	2.39
مسني	2.73
مسه	2.91
مسهم	2.44
مسودا	2.09
مسوده	3.87
مسومه	1.31
مسومين	1.31
مسيولا	3.49
مسيولون	3.08
مشاء	2.50
مشارق	2.87
مشتبها	3.03
مشتركون	2.85
مشربهم	1.43
مشرقين	1.82
مشرك	2.86
مشركه	2.50
مشركون	2.51
مشركين	2.59
مشفقون	1.96
مشفقين	2.06
مشكورا	3.05
مشهد	4.52
مشهود	3.00
مشهودا	2.91
مشوا	2.71
مشيد	2.70
مشيده	2.76
مشيك	2.59
مصانع	3.97
مصباح	3.91
مصبحين	2.05
مصدق	3.58
مصدقا	2.88
مصر	5.79
مصرا	3.22
مصرفا	2.87
مصروفا	1.87
مصفرا	1.89
مصفوفه	3.39
مصفي	2.80
مصلحون	2.74
مصلي	3.33
مصيبه	3.96
مصيبها	0.00
مصيرا	2.70
مصيركم	2.58
مضاجعهم	2.47
مضار	2.42
مضاعفه	3.98
مضت	4.60
مضغه	2.74
مضل	2.26
مضيا	2.36
مطاع	2.67
مطر	4.37
مطرا	2.97
مطلع	4.47
مطلعون	1.93
مطمين	3.57
مطمينه	3.33
مطمينين	2.76
مطهره	2.78
مطويات	2.89
مظلما	3.24
مظلمون	1.76
مظلوما	2.95
مع	6.66
معاجزين	1.46
معاد	3.75
معاذ	4.17
معاذيره	1.53
معاشا	2.57
معايش	2.27
معتد	2.94
معجزي	1.73
معجزين	1.44
معدود	2.44
معدودات	2.99
معدوده	3.80
معذبهم	2.11
معذبوها	0.00
معذبين	2.30
معذرتهم	1.46
معذره	3.07
معرضون	3.69
معرضين	3.25
معره	3.09
معروشات	0.00
معروف	4.81
معروفا	4.22
معروفه	4.66
معزل	2.63
معشار	2.21
معشر	3.71
معطله	3.54
معقب	2.54
معقبات	1.98
معك	5.15
معكم	4.48
معكما	2.48
معكوفا	0.00
معلم	4.42
معلوم	3.74
معلومات	5.17
معمر	4.17
معنا	5.14
معه	5.39
معها	5.10
معهم	5.15
معي	5.09
معيشتها	2.72
معيشتهم	3.12
معيشه	3.79
معين	4.82
مغارات	2.25
مغاضبا	1.80
مغانم	2.18
مغتسل	1.93
مغرب	3.38
مغرقون	1.48
مغرم	3.43
مغرما	2.90
مغفره	3.37
مغلوب	2.95
مغلوله	2.52
مغنون	2.02
مغيرا	2.52
مفاتح	1.97
مفاتحه	1.26
مفازا	2.17
مفتحه	2.14
مفتر	1.75
مفترون	1.32
مفتري	2.23
مفتريات	1.31
مفرطون	1.69
مفروضا	2.91
مفسدون	2.22
مفسدين	2.34
مفصلا	3.51
مفصلات	2.33
مفعولا	3.14
مقاعد	4.41
مقاليد	3.64
مقام	4.21
مقاما	3.20
مقامع	0.00
مقامك	2.76
مقامهما	1.50
مقامي	2.70
مقبوضه	2.03
مقتا	2.56
مقتحم	2.12
مقتدر	2.91
مقتدرا	2.40
مقتدرون	0.00
مقتدون	1.90
مقترفون	0.00
مقترنين	1.72
مقتصد	2.51
مقتصده	1.87
مقتكم	1.04
مقداره	3.55
مقدورا	1.70
مقربه	4.24
مقرنين	2.31
مقسوم	2.81
مقصورات	2.71
مقضيا	2.19
مقطوع	3.51
مقطوعه	3.82
مقعد	4.27
مقمحون	0.00
مقنعي	1.63
مقيتا	2.35
مقيلا	1.80
مقيم	4.27
مكاء	1.93
مكان	5.52
مكانا	4.46
مكانتكم	2.04
مكانتهم	3.03
مكانكم	3.07
مكانه	4.50
مكبا	2.15
مكتوبا	3.46
مكث	3.40
مكذبين	1.45
مكذوب	2.38
مكر	3.27
مكرا	2.68
مكرتموه	1.42
مكرم	3.31
مكرمه	3.02
مكرمون	2.60
مكرهم	2.65
مكروا	2.15
مكروها	3.19
مكظوم	1.45
مكلبين	0.00
مكنا	2.35
مكناكم	1.51
مكناهم	2.25
مكنون	3.03
مكني	1.94
مكه	4.90
مكين	2.72
ملء	4.10
ملا	3.77
ملاق	2.21
ملاقو	1.75
ملاقوه	1.61
ملاقيكم	1.53
ملايكه	3.78
ملتحدا	1.68
ملتكم	1.21
ملتنا	1.64
ملتهم	2.80
ملجا	4.17
ملح	4.02
ملعونين	2.25
ملقون	1.93
ملك	5.14
ملكا	4.28
ملكت	3.38
ملكتم	1.75
ملكه	3.85
ملكوت	3.31
ملكين	2.49
مله	3.41
ملوكا	2.91
ملوما	2.15
ملومين	2.49
مليا	3.50
مليت	3.20
مليك	2.91
مليم	2.76
مم	4.20
مما	5.75
ممدده	2.45
ممدكم	1.66
ممدود	2.92
ممدودا	2.36
ممرد	1.21
ممزق	3.30
ممسك	3.10
ممسكات	0.00
ممطرنا	0.00
مملوكا	2.88
ممن	5.01
ممنوعه	3.64
ممنون	2.90
من	7.50
منا	5.25
مناديا	3.20
منازل	4.51
مناسككم	1.89
مناسكنا	1.88
مناص	2.71
مناع	2.96
منافع	3.52
منافقون	2.60
مناكبها	2.16
منامك	2.42
منامكم	1.52
منامها	2.36
منبثا	1.63
منتشر	3.67
منتصر	3.26
منتصرا	3.17
منتصرين	2.78
منتظرون	2.45
منتقمون	1.98
منتهاها	2.38
منتهون	2.03
منثورا	2.92
منجوك	1.23
منذر	3.73
منذرون	1.38
منذرين	2.45
منزل	5.12
منزلا	4.01
منزلها	4.16
منزلون	1.16
منزلين	3.07
منساته	0.00
منسكا	1.94
منسيا	2.93
منشره	2.23
منشور	3.97
منشورا	3.25
منصورا	2.32
منضود	2.13
منطق	4.07
منظرون	1.53
منظرين	2.28
منع	4.86
منعك	3.17
منعنا	3.14
منعهم	3.42
منفطر	2.17
منفكين	1.50
منقعر	0.00
منقلب	2.65
منقلبا	2.04
منقلبون	1.51
منقوص	2.77
منك	5.43
منكر	3.49
منكرا	3.14
منكره	2.79
منكرون	1.41
منكم	4.92
منكن	2.99
مننا	3.97
منه	5.65
منها	5.79
منهم	5.59
منهما	4.54
منهمر	2.14
منهن	4.07
منوعا	2.21
مني	5.26
منيب	3.19
منيبا	2.11
منيبين	1.91
منير	4.11
منيرا	2.76
مهاجر	3.78
مهاجرا	3.00
مهاجرات	1.71
مهاد	2.35
مهادا	1.95
مهانا	2.19
مهتد	1.97
مهتدون	2.48
مهتدين	2.41
مهجورا	3.10
مهدا	2.68
مهزوم	2.99
مهطعين	1.86
مهلك	3.23
مهلكهم	1.75
مهلكو	0.00
مهلكوها	0.00
مهلكي	1.31
مهما	5.27
مهيلا	1.38
مهين	3.70
مهينا	3.15
مواخر	1.18
موازينه	2.53
مواضعه	2.11
مواطن	4.68
مواقعوها	1.20
مواقيت	3.28
موالي	3.31
موبقا	1.12
موتا	3.53
موتتنا	1.21
موتكم	2.18
موته	4.19
موتها	3.87
موتوا	2.92
موثقا	2.61
موثقهم	1.04
موج	3.05
موجلا	2.56
موده	3.33
موذن	2.98
مورا	3.74
موزون	2.66
موسي	4.85
موص	1.62
موصده	1.81
موضوعه	3.57
موضونه	1.18
موطيا	1.88
موعد	4.90
موعدا	3.84
موعدك	2.85
موعدكم	2.65
موعده	3.52
موعدهم	2.45
موعدي	2.76
موعظه	3.17
موفورا	1.57
موقنون	2.36
موقنين	2.37
موقوتا	2.22
موقوفون	1.90
مولاكم	2.26
مولانا	3.69
مولاه	3.15
مولاهم	2.33
مولود	3.99
مولي	3.88
موليها	1.93
مومن	4.33
مومنا	3.82
مومنات	2.08
مومنه	3.84
مومنون	3.30
مومنين	3.67
موهن	2.12
مويلا	2.44
ميت	4.61
ميتا	4.27
ميته	3.83
ميتون	3.36
ميثاق	4.11
ميثاقا	2.74
ميثاقكم	1.89
ميثاقه	1.92
ميثاقهم	2.21
ميراث	3.56
ميسره	3.46
ميسورا	2.37
ميعاد	3.95
ميقات	2.84
ميقاتا	1.91
ميقاتهم	0.00
ميلا	4.20
ميله	2.81
ن	4.51
نات	3.10
ناتي	3.61
ناتيكم	1.90
ناج	2.88
ناجيتم	1.36
ناخذ	4.08
نادانا	1.74
ناداه	2.70
نادمين	2.63
نادوا	2.89
نادي	5.22
ناديتم	1.44
ناديكم	2.19
نادينا	2.86
ناديه	3.83
نار	4.73
نارا	3.83
ناسكوه	1.23
ناشيه	3.64
ناصبه	1.68
ناصح	3.07
ناصحون	1.53
ناصر	4.88
ناصرا	2.53
ناصرين	1.79
ناصيه	3.30
ناضره	2.38
ناظره	2.71
ناظرين	2.17
ناعمه	3.80
نافقوا	1.68
نافله	3.04
ناقه	3.23
ناكسو	1.12
ناكل	3.24
نايمون	3.05
نبا	3.80
نبات	4.09
نباتا	2.87
نباتكما	0.00
نباته	2.40
نبانا	1.02
نباني	1.46
نباه	1.56
نباها	1.13
نباهم	1.42
نبتغي	2.28
نبتليه	1.93
نبتهل	2.02
نبدل	2.82
نبذ	3.44
نبذه	3.21
نبراها	1.89
نبرح	2.06
نبشرك	1.88
نبطش	1.43
نبعث	2.83
نبغ	2.59
نبغي	2.44
نبلوهم	0.00
نبي	4.27
نبيا	3.62
نبين	2.97
نبينا	3.83
نبيهم	3.12
نبيوني	1.01
نتبع	3.61
نتبعكم	1.04
نتبعه	2.45
نتبعهم	2.28
نتبوا	1.62
نتخذ	3.32
نتخذه	2.46
نتخطف	0.00
نتربص	1.61
نترك	3.83
نتقبل	2.99
نتقنا	1.47
نتكلم	4.19
نتلو	1.94
نتلوه	1.33
نتلوها	1.86
نتنزل	1.18
نتوفينك	1.40
نتوكل	2.12
نثبت	3.46
نجا	3.97
نجازي	1.49
نجاكم	1.36
نجانا	1.73
نجاهم	2.01
نجب	2.33
نجد	4.91
نجزي	2.37
نجزيه	1.09
نجس	3.14
نجعل	3.98
نجعلها	2.97
نجعلهم	2.79
نجعلهما	1.87
نجمع	3.71
نجني	3.29
نجواكم	1.64
نجواهم	1.98
نجوت	2.85
نجوي	3.69
نجيا	2.27
نجينا	2.22
نجيناكم	0.00
نجيناه	1.19
نجيناهم	1.08
نحبه	3.53
نحس	3.53
نحسات	1.58
نحشر	2.27
نحشرهم	1.57
نحله	3.21
نحن	5.65
نحيي	2.94
نخاف	3.76
نختم	2.99
نخرج	3.84
نخرجكم	2.09
نخره	1.89
نخسف	1.31
نخشي	3.48
نخفي	3.09
نخل	3.30
نخلفه	1.43
نخلقكم	0.00
نخوض	3.22
نخيل	3.43
نداء	4.39
نداولها	2.28
ندخلها	2.65
ندري	3.83
ندع	2.94
ندعو	3.99
ندعوه	3.59
ندلكم	1.32
نديا	2.01
نذر	3.45
نذرا	2.39
نذرت	3.00
نذرتم	1.20
نذقه	1.99
نذل	3.13
نذهبن	0.00
نذورهم	1.69
نذير	3.70
نذيرا	2.72
نذيقهم	1.31
نراك	3.32
نربك	1.80
نرث	2.22
نرد	3.66
نرزقك	1.59
نرزقكم	1.28
نرزقهم	1.54
نرسل	3.86
نرفع	3.55
نري	4.86
نريد	4.95
نريك	1.48
نرينك	1.52
نريهم	1.83
نزاعه	2.18
نزد	2.09
نزعناها	1.41
نزغ	2.32
نزل	4.52
نزلا	2.86
نزلت	4.22
نزلنا	3.27
نزلناه	1.36
نزله	3.15
نزلهم	2.04
نزيدكم	1.09
نساء	4.88
نساءكم	2.50
نساءهم	2.57
نسارع	2.09
نسال	4.24
نسالك	3.47
نساوكم	2.37
نسايكم	2.65
نسايهم	3.27
نسايهن	1.50
نسبا	3.04
نسبح	2.73
نسبحك	1.51
نستبق	2.38
نستحوذ	1.74
نستعين	3.24
نستنسخ	1.86
نسختها	3.45
نسخر	2.56
نسفا	2.68
نسفت	2.61
نسقط	3.42
نسقي	2.35
نسقيكم	1.71
نسك	2.32
نسلخ	2.00
نسلكه	2.32
نسله	2.95
نسمع	4.52
نسوا	3.63
نسوق	2.63
نسوه	3.20
نسوي	3.32
نسويكم	0.00
نسي	3.96
نسيا	2.72
نسيت	4.51
نسيتم	2.77
نسير	3.75
نسينا	3.66
نسيناكم	1.45
نشا	4.00
نشاء	3.29
نشتري	3.77
نشرا	2.54
نشرت	4.94
نشرح	3.37
نشرك	2.78
نشطا	3.61
نشهد	3.78
نشورا	2.13
نشوزا	1.18
نشوزهن	1.01
نصاري	2.91
نصب	4.38
نصبا	2.99
نصبت	3.44
نصبر	2.81
نصحوا	2.43
نصحي	2.41
نصر	4.73
نصرا	3.64
نصرانيا	2.79
نصرف	2.86
نصركم	2.45
نصرنا	2.74
نصره	3.29
نصرهم	2.66
نصروهم	1.08
نصف	5.21
نصفه	3.65
نصليه	1.19
نصليهم	1.65
نصوحا	2.50
نصيب	4.37
نصيبا	3.29
نصيبك	3.33
نصيبهم	2.91
نصير	3.92
نصيرا	2.85
نضاختان	0.00
نضجت	3.05
نضربها	2.36
نضره	3.26
نضطرهم	0.00
نضيد	1.65
نضيع	3.61
نطبع	2.19
نطعم	2.13
نطعمكم	2.08
نطفه	3.18
نطمس	1.37
نطمع	2.41
نطوي	2.43
نطيع	2.50
نظر	4.84
نظره	4.92
نظن	3.89
نظنك	1.38
نظنكم	0.00
نعاجه	1.37
نعاسا	1.66
نعبد	3.31
نعبدهم	1.54
نعجتك	1.14
نعجز	2.89
نعجزه	1.20
نعجه	2.79
نعد	4.15
نعدهم	2.31
نعذب	2.13
نعذبه	1.64
نعف	1.65
نعقل	2.10
نعلم	4.67
نعلمهم	2.56
نعلن	3.69
نعليك	2.32
نعم	5.24
نعما	2.60
نعماء	1.35
نعمت	3.19
نعمتك	2.95
نعمته	3.15
نعمتي	3.01
نعمركم	1.09
نعمره	1.55
نعمل	4.53
نعمه	4.37
نعود	4.15
نعيدكم	2.00
نعيده	2.82
نعيم	4.13
نعيما	2.43
نغادر	3.28
نغرقهم	1.37
نغفر	2.75
نفاد	3.07
نفاقا	2.77
نفحه	3.18
نفخ	3.53
نفخه	2.97
نفدت	3.37
نفر	3.77
نفرا	2.91
نفرق	3.02
نفس	5.63
نفسا	3.95
نفسك	5.37
نفسه	5.64
نفسها	5.20
نفسي	5.28
نفشت	1.63
نفصل	2.97
نفعا	3.76
نفعت	2.80
نفعل	4.27
نفعه	2.93
نفعهما	1.21
نفقا	2.92
نفقاتهم	2.60
نفقد	3.55
نفقه	3.71
نفورا	2.47
نفوسكم	2.57
نفيرا	1.75
نقاتل	3.21
نقبا	1.50
نقتبس	2.48
نقدر	4.07
نقذف	2.37
نقر	3.32
نقروه	1.93
نقص	4.83
نقصص	0.00
نقصصهم	1.13
نقصه	2.84
نقضت	2.91
نقضهم	1.66
نقعا	1.23
نقعد	2.53
نقموا	2.20
نقول	4.75
نقيبا	2.65
نقيرا	1.71
نقيض	3.59
نقيم	3.60
نك	3.41
نكاحا	2.19
نكال	1.09
نكالا	2.04
نكتل	1.41
نكتم	2.19
نكث	2.50
نكثوا	1.81
نكح	2.75
نكحتم	0.00
نكدا	2.09
نكذب	3.21
نكر	2.49
نكرا	2.98
نكرهم	1.45
نكروا	1.64
نكسوا	1.44
نكسوها	0.00
نكص	1.76
نكفر	2.60
نكلف	2.46
نكلم	2.62
نكن	4.20
نكون	4.85
نكير	2.50
نلعنهم	1.40
نمتعهم	0.00
نمد	3.08
نمدهم	1.48
نمكن	2.02
نمله	3.26
نملي	2.47
نمن	2.42
نموت	4.13
ننبيكم	2.03
ننج	1.80
ننجي	2.24
ننجيك	1.51
ننزل	3.27
ننزله	2.25
ننساكم	1.88
ننساهم	2.23
ننسخ	2.14
ننسها	1.33
ننشزها	1.01
ننظر	3.99
ننقصها	1.56
ننكسه	1.40
ننهك	1.12
نهار	4.23
نهارا	3.80
نهاكم	2.14
نهاكما	1.18
نهدي	2.77
نهرا	3.38
نهلك	2.66
نهوا	2.45
نهيت	2.57
نوته	2.14
نوتها	1.12
نوتي	2.58
نوتيه	1.84
نوثرك	1.34
نوح	4.27
نوحا	2.90
نوحي	2.36
نوحيه	1.57
نوحيها	1.61
نوخره	1.24
نودي	2.94
نور	4.95
نورا	4.35
نورث	3.64
نوركم	2.04
نورنا	2.40
نوره	3.46
نورهم	2.31
نوف	3.54
نوله	2.20
نولي	2.90
نوم	4.54
نومكم	2.54
نومن	4.03
نيلا	2.57
ها	4.82
هاتوا	2.77
هاتين	4.08
هاجر	4.01
هاجرن	1.41
هاجروا	3.55
هاد	3.87
هادوا	2.50
هادي	4.52
هاديا	2.78
هار	3.04
هاروت	2.37
هارون	4.04
هالك	3.44
هامان	3.06
هامده	3.28
هاهنا	3.14
هاوم	1.86
هاويه	3.23
هب	3.65
هباء	3.57
هجرا	2.25
هدا	3.95
هداكم	2.60
هدان	1.48
هدانا	2.69
هداني	2.56
هداها	2.17
هداهم	2.76
هداي	2.32
هدنا	1.51
هدي	4.17
هديا	2.51
هديتنا	2.64
هدينا	1.92
هديناه	1.91
هذا	6.67
هذان	3.84
هذه	6.59
هربا	3.80
هزوا	2.65
هشيما	2.07
هضما	2.23
هضيم	1.18
هل	5.92
هلك	3.53
هلم	3.13
هلوعا	1.90
هم	5.71
هما	4.88
هماز	2.00
همت	3.20
همزات	2.25
همزه	3.36
همسا	2.82
هن	4.06
هنالك	4.83
هنييا	3.75
هو	6.57
هواء	4.08
هواه	3.38
هود	4.07
هودا	2.66
هولاء	5.52
هون	4.06
هونا	2.69
هوي	3.69
هي	6.29
هيت	3.60
هين	3.40
هينا	3.38
هيه	3.79
هيهات	3.46
وابا	3.10
واباءهم	1.74
واباريق	1.84
واباوكم	1.54
واباونا	1.83
وابتغ	2.09
وابتغاء	2.13
وابتغاوكم	1.32
وابتغوا	2.04
وابتلوا	1.28
وابراهيم	3.75
وابري	1.62
وابشروا	2.27
وابصارا	0.00
وابصاركم	0.00
وابصارهم	2.21
وابصر	2.14
وابصرهم	0.00
وابعث	2.34
وابقي	3.35
وابكارا	1.04
وابكي	2.37
وابل	3.31
وابلغكم	0.00
وابن	4.34
وابناءكم	1.53
وابناوكم	1.47
وابناينا	2.58
وابنها	3.32
وابونا	1.98
وابي	3.43
وابيضت	1.80
وابيه	3.11
وات	3.81
واتاكم	1.78
واتاني	1.50
واتاه	1.46
واتاهم	1.60
واتبع	3.25
واتبعت	2.47
واتبعتهم	1.78
واتبعك	1.62
واتبعنا	2.02
واتبعناهم	1.04
واتبعوا	2.96
واتبعون	1.21
واتبعوه	1.59
واتت	2.24
واتخذ	3.47
واتخذتموه	1.12
واتخذوا	2.93
واترفناهم	0.00
واترك	3.26
واتق	2.34
واتقوا	3.28
واتقون	1.81
واتقوه	2.00
واتقي	2.30
واتقين	0.00
واتل	2.26
واتمروا	0.00
واتممت	2.29
واتممناها	1.56
واتموا	1.95
واتنا	1.71
واتوا	2.78
واتوني	1.73
واتوهم	1.31
واتوهن	0.00
واتي	2.57
واتيتم	1.97
واتين	0.00
واتينا	2.19
واتيناك	0.00
واتيناه	2.17
واتيناهم	1.57
واتيناهما	0.00
واثابهم	1.91
واثارا	1.90
واثارهم	2.28
واثاروا	1.66
واثر	2.79
واثقالا	1.40
واثقكم	0.00
واثل	1.52
واثما	2.21
واثمك	0.00
واثمهما	0.00
واجتبينا	0.00
واجتبيناهم	0.00
واجتنبوا	2.26
واجدر	1.79
واجر	2.93
واجرا	2.38
واجعل	3.55
واجعلنا	2.96
واجعلني	2.66
واجعله	3.10
واجعلوا	2.48
واجفه	1.37
واجل	3.35
واجلب	2.13
واجمعوا	2.29
واجنبني	1.76
واحاط	2.73
واحاطت	2.53
واحباوه	0.00
واحد	5.81
واحدا	4.94
واحده	5.69
واحذرهم	1.64
واحذروا	2.42
واحسن	3.53
واحسنوا	2.48
واحصروهم	0.00
واحصوا	0.00
واحصي	2.33
واحضرت	2.53
واحفظوا	1.96
واحل	2.53
واحلت	2.13
واحلل	2.03
واحلوا	1.56
واحيا	2.76
واحيط	2.20
واحيي	2.05
واحييتنا	1.42
واحيينا	1.34
واخاف	2.75
واخاه	2.76
واخبتوا	1.04
واختار	3.48
واختلاف	3.45
واختلفوا	2.70
واخذ	4.27
واخذت	3.84
واخذتم	1.87
واخذن	1.54
واخذنا	2.83
واخذناهم	1.48
واخذهم	2.66
واخذوا	3.56
واخر	4.36
واخراج	3.86
واخرت	1.72
واخرج	3.64
واخرجت	2.86
واخرجنا	2.26
واخرجني	2.38
واخرجوا	2.64
واخرجوكم	1.76
واخرجوهم	1.97
واخرنا	0.00
واخرون	4.19
واخري	4.38
واخرين	3.86
واخشوا	1.61
واخشون	1.55
واخشوني	1.02
واخفض	2.46
واخفي	2.65
واخلصوا	2.08
واخواتكم	1.89
واخوان	2.27
واخوانكم	1.97
واخوانهم	2.10
واخوته	2.89
واخوك	2.32
واخوه	3.23
واخي	3.44
واخيه	3.46
واد	4.08
واداء	3.69
وادبار	1.99
وادبارهم	1.54
وادخل	3.50
وادخلنا	2.31
وادخلناه	0.00
وادخلناهم	0.00
وادخلني	2.19
وادخلهم	2.37
وادخلوا	2.37
وادخلي	2.47
وادريس	2.42
وادع	2.62
وادعو	3.26
وادعوا	3.22
وادعوه	2.18
وادكر	1.25
وادني	2.69
واديا	2.85
واذ	4.08
واذا	5.18
واذان	1.99
واذكر	3.14
واذكرن	1.34
واذكروا	2.85
واذكروه	1.62
واذن	3.16
واذنت	2.15
وارادوا	2.84
وارتابت	1.16
وارتبتم	1.28
وارتقبوا	1.17
وارجعوا	2.31
وارجلكم	2.18
وارجلهم	2.52
وارجلهن	1.10
وارجوا	2.37
وارحم	2.62
وارحمنا	2.47
واردها	2.16
واردهم	1.53
واردون	1.53
وارزق	2.04
وارزقنا	2.82
وارزقهم	2.21
وارزقوهم	1.23
وارسل	3.90
وارسلنا	2.25
وارسلناك	0.00
وارسلناه	1.63
وارصادا	1.34
وارض	3.33
وارضا	2.22
وارعوا	1.08
واركعوا	1.81
واركعي	1.57
وارنا	2.53
واري	3.69
وازدادوا	1.71
وازدجر	1.04
وازره	2.43
وازلفت	1.31
وازلفنا	0.00
وازواج	2.22
وازواجكم	1.73
وازواجه	2.23
وازواجهم	2.45
وازينت	0.00
واسال	3.32
واسالهم	2.17
واسالوا	2.50
واسبغ	2.28
واستبرق	1.82
واستبقا	1.40
واستحيوا	1.31
واسترهبوهم	1.39
واستشهدوا	2.18
واستعمركم	0.00
واستعينوا	2.27
واستغشوا	1.42
واستغفر	2.94
واستغفره	2.08
واستغفروا	2.02
واستغفروه	2.00
واستغفري	1.73
واستغني	2.36
واستفتحوا	1.54
واستفزز	1.18
واستقم	1.56
واستكبر	2.19
واستكبرت	1.44
واستكبرتم	0.00
واستكبروا	2.19
واستمتعتم	0.00
واستمع	3.44
واستوت	1.69
واستوي	1.90
واستيقنتها	1.82
واسجد	2.07
واسجدوا	1.98
واسجدي	1.59
واسحاق	3.06
واسرافنا	1.77
واسراييل	4.11
واسرحكن	1.09
واسررت	1.73
واسروا	2.67
واسروه	1.68
واسع	4.90
واسعا	4.13
واسعه	4.86
واسقيناكم	1.29
واسلحتهم	2.47
واسلمت	2.23
واسلموا	2.30
واسلنا	0.00
واسماعيل	3.25
واسمع	3.10
واسمعوا	2.56
واسيرا	2.14
واشتروا	2.57
واشتعل	2.32
واشد	3.17
واشدد	1.86
واشربوا	2.82
واشربي	2.33
واشرقت	2.48
واشرك	2.10
واشركه	1.83
واشعارها	1.63
واشفقن	1.57
واشكروا	2.35
واشهد	2.65
واشهدهم	1.50
واشهدوا	1.88
واصابه	2.47
واصب	2.03
واصبا	1.25
واصبح	4.69
واصبر	2.67
واصبروا	2.36
واصحاب	4.04
واصروا	2.36
واصطبر	2.13
واصطفاك	1.97
واصطنعتك	1.04
واصفاكم	0.00
واصفح	1.87
واصفحوا	1.66
واصلح	3.26
واصلحا	0.00
واصلحنا	1.86
واصلحوا	2.41
واصنع	2.74
واصيلا	2.65
واضرب	2.75
واضربوا	1.90
واضربوهن	1.42
واضعف	2.69
واضل	2.31
واضله	1.83
واضلهم	0.00
واضلوا	1.57
واضمم	1.59
واطراف	3.27
واطعموا	2.40
واطعن	1.55
واطعنا	2.52
واطغي	1.30
واطمانوا	1.86
واطهر	2.32
واطيعوا	2.96
واطيعون	1.84
واظهره	1.58
واعانه	2.28
واعبد	2.18
واعبدوا	2.34
واعبدوه	0.00
واعتدت	2.33
واعتدنا	2.11
واعتزلكم	1.37
واعتصموا	2.77
واعد	3.52
واعدنا	1.90
واعدوا	2.85
واعرض	3.04
واعز	2.89
واعطي	3.47
واعظم	3.65
واعف	2.64
واعلم	4.07
واعلموا	3.19
واعملوا	2.55
واعمي	2.53
واعناب	1.75
واعنابا	1.30
واعوذ	3.24
واعينهم	2.30
واعيه	3.51
واغرقنا	1.69
واغضض	1.83
واغطش	0.00
واغفر	3.11
واغلالا	0.00
واغلظ	1.76
وافعلوا	2.44
وافوض	1.91
وافيدتهم	1.35
وافيده	1.53
واق	3.31
واقام	3.55
واقاموا	3.38
واقبل	3.23
واقبلوا	2.00
واقترب	3.32
واقتلوهم	1.99
واقرب	3.55
واقرضتم	0.00
واقرضوا	1.62
واقسطوا	1.51
واقسموا	2.19
واقصد	2.67
واقع	4.67
واقعدوا	1.28
واقل	4.01
واقم	2.60
واقمن	1.45
واقني	1.12
واقوم	3.47
واقيموا	2.60
واكبر	4.05
واكتب	3.34
واكثر	4.74
واكثرهم	3.37
واكدي	0.00
واكسوهم	1.26
واكفروا	1.48
واكلهم	1.96
واكن	2.42
واكواب	2.53
واكيد	3.01
وال	4.14
والا	4.64
والابرص	1.62
والابصار	2.69
والابكار	1.77
والاثم	2.61
والاحبار	2.11
والاحزاب	3.71
والاحسان	3.68
والاخر	4.35
والاخره	3.83
والاخرين	3.62
والاذن	3.24
والاذي	2.66
والارحام	1.89
والارض	4.25
والازلام	1.51
والاسباط	1.54
والاشراق	2.19
والاصال	2.19
والاصم	1.97
والاعناب	1.68
والاعناق	1.47
والاغلال	1.81
والافيده	2.38
والاقدام	2.70
والاقربون	2.11
والاقربين	1.71
والاكرام	3.15
والامر	3.92
والاميين	1.54
والانثي	3.12
والانجيل	2.86
والانس	3.17
والانصاب	1.65
والانصار	2.93
والانعام	2.19
والانف	3.26
والانفس	2.59
والاولاد	3.31
والاولي	3.06
والاولين	1.53
والايمان	3.79
والباد	1.47
والباطل	3.12
والباطن	2.96
والباقيات	2.23
والبحر	3.89
والبدن	2.39
والبصر	3.08
والبصير	2.30
والبغال	2.54
والبغضاء	2.64
والبغي	2.79
والبلد	3.32
والبنون	2.73
والبنين	2.77
والبيت	3.56
والترايب	1.81
والتفت	2.91
والتقوي	3.38
والتوراه	2.73
والتي	5.75
والتين	3.04
والثمرات	2.40
والجار	2.68
والجان	2.52
والجبال	3.65
والجبله	1.57
والجراد	2.49
والجروح	2.99
والجسم	3.52
والجلود	2.83
والجن	3.36
والجوع	3.49
والحافظات	1.28
والحافظون	1.40
والحافظين	1.04
والحب	4.12
والحج	3.50
والحجاره	3.31
والحرث	2.00
والحرمات	1.81
والحساب	3.38
والحق	4.01
والحقني	1.91
والحكم	4.07
والحكمه	3.57
والحمد	4.10
والحمير	2.77
والحياه	4.35
والخاشعات	0.00
والخاشعين	0.00
والخامسه	3.38
والخبيثون	1.57
والخنازير	3.04
والخوف	4.06
والخير	3.67
والخيل	2.80
والد	4.62
والدار	3.13
والدتك	3.41
والدم	3.54
والده	4.71
والدواب	2.56
والدي	4.73
والذاريات	1.86
والذاكرات	2.29
والذاكرين	2.14
والذكر	3.33
والذي	5.54
والذين	4.80
والراسخون	1.61
والربانيون	0.00
والرجز	2.16
والرسول	3.59
والرقيم	1.75
والركب	2.26
والركع	2.01
والرمان	2.68
والرهبان	2.70
والروح	3.98
والريحان	2.75
والزاني	1.86
والزانيه	2.20
والزبر	1.64
والزرع	2.38
والزكاه	2.75
والزمهم	1.88
والزيتون	3.24
والسابحات	0.00
والسابقون	2.45
والسارق	2.25
والسارقه	1.25
والساعه	3.37
والسايلين	0.00
والسحاب	2.28
والسراء	1.89
والسعه	3.00
والسقف	2.81
والسلاسل	2.56
والسلام	4.70
والسلوي	2.07
والسماء	3.53
والسماوات	2.71
والسميع	1.13
والسن	2.80
والسنتهم	2.36
والسوء	2.38
والسييات	2.48
والشجر	2.99
والشجره	2.61
والشعراء	3.53
والشفع	1.81
والشمايل	1.91
والشمس	3.72
والشهاده	3.33
والشهداء	3.39
والشهر	2.74
والشياطين	3.02
والصابرات	0.00
والصابرين	2.29
والصابيون	0.00
والصابيين	1.44
والصاحب	2.33
والصادقات	0.00
والصادقين	2.09
والصافات	1.26
والصالحين	3.30
والصايمات	1.04
والصايمين	1.11
والصبح	2.45
والصديقين	2.95
والصلاه	4.07
والصلح	2.43
والصيف	3.11
والضحي	2.20
والضراء	3.22
والضفادع	2.49
والضلال	2.68
والطارق	1.40
والطاغوت	2.35
والطور	2.53
والطيب	3.06
والطيبات	2.20
والطيبون	1.89
والطير	2.87
والظالمون	1.57
والظالمين	2.61
والظاهر	3.32
والعاديات	2.08
والعافين	2.30
والعاقبه	2.75
والعاكفين	1.85
والعاملين	3.79
والعبد	2.86
والعدوان	3.17
والعذاب	3.32
والعزي	2.60
والعشي	2.14
والعصر	3.53
والعصيان	3.40
والعمره	3.37
والعمل	4.73
والعنهم	1.57
والعير	1.66
والعين	3.56
والغارمين	1.09
والغاوون	0.00
والغنم	2.75
والغوا	1.85
والف	3.95
والفتح	3.21
والفتنه	2.77
والفجر	2.98
والفحشاء	2.36
والفرقان	2.14
والفسوق	2.60
والفضه	3.61
والفلك	3.20
والفواحش	2.11
والفواد	2.53
والفيا	0.00
والق	2.54
والقاسيه	2.29
والقانتات	0.00
والقانتين	1.67
والقايلين	1.89
والقايمين	2.90
والقت	3.39
والقران	3.68
والقلايد	1.99
والقلم	3.07
والقمر	3.77
والقمل	2.27
والقناطير	1.35
والقوا	2.91
والقواعد	3.52
والقوه	2.35
والقي	3.61
والقيت	2.93
والقينا	2.27
والكاظمين	2.28
والكافرون	2.23
والكافرين	1.77
والكتاب	4.09
والكفار	2.47
واللاتي	2.90
واللايي	2.03
واللذان	3.18
والله	4.99
والليل	3.42
والمترديه	1.96
والمتصدقات	0.00
والمتصدقين	1.18
والمجاهدون	2.06
والمجوس	2.58
والمحروم	2.28
والمحصنات	1.25
والمرجان	2.76
والمرجفون	1.67
والمرسلات	1.64
والمروه	2.74
والمساكين	3.07
والمستضعفين	2.57
والمستغفرين	1.78
والمسجد	3.36
والمسكنه	2.43
والمسكين	2.69
والمسلمات	2.94
والمسيح	2.81
والمشركات	1.57
والمشركين	2.95
والمصدقات	1.40
والمطلقات	2.48
والمطلوب	3.01
والمعتر	1.39
والمغارب	2.34
والمغرب	4.27
والمغفره	3.47
والمقيمي	1.04
والمقيمين	3.49
والمكذبين	1.63
والملايكه	3.41
والملك	3.81
والمنافقات	2.07
والمنافقين	3.00
والمنخنقه	1.01
والمنفقين	1.29
والمنكر	3.00
والمهاجرين	3.32
والموتفكات	0.00
والموتفكه	0.00
والموتون	0.00
والموتي	2.46
والموعظه	2.73
والموفون	1.01
والموقوذه	1.06
والمولفه	2.44
والمومنات	3.19
والمومنون	2.61
والمومنين	3.12
والميزان	2.92
والميسر	2.12
والنا	1.56
والنار	3.83
والنازعات	1.30
والناس	4.46
والناشرات	0.00
والناشطات	2.34
والناهون	1.70
والنبوه	2.50
والنبي	3.47
والنبيون	2.29
والنبيين	1.78
والنجم	3.12
والنجوم	3.54
والنخل	2.48
والنخيل	2.71
والنذر	2.12
والنساء	4.40
والنسل	2.49
والنصاري	3.24
والنطيحه	2.07
والنهار	3.71
والنور	3.40
والنوم	3.53
والنوي	2.49
واله	3.28
والهتك	1.43
والهدي	2.74
والهكم	2.22
والهنا	2.21
والوالدات	1.19
والوانكم	1.84
والوتر	2.67
والوزن	3.21
والولدان	2.13
والي	4.78
والياس	2.48
واليتامي	2.42
واليسع	1.25
واليك	3.52
والينا	2.33
واليه	3.44
واليوم	4.57
واما	4.73
وامايكم	1.71
وامتازوا	1.21
وامتعتكم	1.26
وامددناكم	1.44
وامددناهم	0.00
وامر	4.11
وامرات	0.00
وامراتان	2.04
وامراته	2.53
وامراتي	1.59
وامراه	3.83
وامرت	3.36
وامرنا	2.07
وامره	3.12
وامرهم	2.95
وامروا	2.68
وامسحوا	2.27
وامضوا	1.91
وامطرنا	2.02
واملي	2.94
وامم	2.49
وامن	3.51
وامنا	2.82
وامنتم	1.81
وامنهم	2.08
وامنوا	2.69
وامه	3.89
وامهات	3.28
وامهاتكم	2.05
وامواتا	2.01
واموال	3.18
واموالا	1.77
واموالهم	3.06
وامي	3.82
واميت	1.59
وان	5.50
وانا	5.46
واناب	2.06
وانابوا	1.50
واناثا	2.42
واناسي	1.43
وانبتت	1.92
وانبتنا	1.91
وانبتها	1.04
وانبيكم	0.00
وانت	5.35
وانتصروا	2.38
وانتظر	3.59
وانتظروا	2.75
وانتم	4.29
وانثي	3.02
وانجينا	1.34
وانحر	2.08
وانذر	2.35
وانذرهم	2.19
وانزل	3.38
وانزلنا	2.74
وانشانا	2.13
وانشق	2.63
وانشقت	1.81
وانصتوا	2.14
وانصح	2.72
وانصرنا	2.38
وانصروا	1.60
وانطلق	3.37
وانظر	3.80
وانظرنا	0.00
وانظروا	2.88
وانعام	1.69
وانعمت	1.73
وانفسكم	2.36
وانفسنا	2.21
وانفسهم	2.77
وانفقوا	2.52
وانقلبوا	2.27
وانك	3.76
وانكحوا	1.86
وانكم	2.91
وانما	4.68
واننا	3.38
وانني	3.17
وانه	4.82
وانها	3.76
وانهار	2.87
وانهارا	1.93
وانهم	4.10
وانهما	2.45
واني	3.94
وانيبوا	1.73
واهجرني	1.20
واهجرهم	1.31
واهجروهن	1.01
واهدنا	2.05
واهديك	1.66
واهش	1.58
واهل	4.08
واهلك	2.79
واهلكنا	1.16
واهلنا	2.67
واهله	3.69
واهلها	3.67
واهلونا	1.23
واهلي	2.91
واهليكم	2.28
واهليهم	2.43
واهيه	3.37
واوبارها	0.00
واوتيت	1.87
واوتينا	1.48
واوجس	0.00
واوحي	2.57
واوحينا	2.12
واوذوا	1.86
واورثكم	1.25
واورثنا	1.92
واورثناها	1.48
واوصاني	2.03
واوفوا	2.35
واولات	1.28
واولادا	1.55
واولادكم	2.33
واولادهم	2.68
واولو	2.38
واولي	2.47
واوليك	3.76
واوليكم	0.00
واويناهما	1.44
واياته	2.51
واياك	3.52
واياكم	3.37
واياما	2.29
واياهم	2.75
واياي	2.10
وايتاء	2.89
وايدكم	1.64
وايدناه	0.00
وايده	2.73
وايدهم	2.28
وايدي	2.32
وايديكم	2.16
وايديهم	2.49
وايمانهم	1.24
وايه	3.17
وايوب	2.83
وباءوا	0.00
وبارك	3.77
وباركنا	1.65
وباطل	2.64
وباطنه	2.65
وبال	2.75
وبالاخره	1.82
وبالاسحار	1.89
وبالحق	2.26
وبالذي	1.53
وبالرسول	1.56
وبالزبر	0.00
وبالكتاب	1.51
وبالليل	2.33
وبالمومنين	1.64
وبالنجم	0.00
وبالوالدين	2.63
وباليوم	2.39
وبايمانهم	1.83
وبث	3.71
وبدا	4.47
وبدارا	0.00
وبداره	1.52
وبدلناهم	1.13
وبذلك	4.63
وبذي	1.36
وبرا	2.75
وبرحمته	2.25
وبرزت	3.01
وبرزوا	1.87
وبرسوله	2.35
وبرسولي	0.00
وبرق	2.46
وبركات	2.61
وبركاته	4.04
وبست	1.96
وبسر	2.12
وبشر	3.30
وبشرناه	0.00
وبشروه	1.34
وبشري	2.73
وبشير	2.59
وبصدهم	1.09
وبصلها	0.00
وبطل	3.37
وبعثنا	1.01
وبعهد	1.38
وبعولتهن	0.00
وبقيه	4.03
وبكفرهم	0.00
وبكلامي	1.51
وبكم	2.65
وبكما	0.00
وبكيا	1.40
وبلغ	4.08
وبلغت	3.84
وبلغنا	2.53
وبلوناهم	1.04
وبما	4.52
وبمن	2.84
وبنات	3.76
وبناتك	2.60
وبناتكم	2.29
وبنعمت	0.00
وبنعمه	1.74
وبني	3.65
وبنين	3.28
وبنينا	2.10
وبنيه	2.51
وبه	3.82
وبواكم	1.23
وبير	2.94
وبيس	2.87
وبيع	3.96
وبيلا	2.58
وبين	5.17
وبينات	1.99
وبينك	3.87
وبينكم	3.05
وبينه	3.64
وبينهم	3.81
وبينهما	2.90
وبينوا	2.46
وتاب	2.65
وتابي	2.34
وتاتون	1.90
وتاسرون	1.21
وتاكلون	1.82
وتالله	2.14
وتب	2.74
وتبارك	2.60
وتبتل	1.82
وتبري	1.62
وتبغونها	0.00
وتبين	3.89
وتتخذون	1.34
وتتقوا	2.22
وتتلقاهم	1.50
وتثبيتا	1.53
وتجاره	3.63
وتجاهدون	1.66
وتجعلون	1.93
وتحبون	1.94
وتحرير	3.86
وتحسبهم	1.42
وتحسبونه	1.77
وتحشرون	1.26
وتحمل	4.05
وتحيتهم	1.66
وتخر	1.87
وتخرج	3.82
وتخرجون	1.62
وتخشي	2.59
وتخفون	0.00
وتخفي	2.68
وتخلت	2.70
وتخلقون	0.00
وتخونوا	1.73
وتدعوا	3.13
وتدعونني	1.43
وتدلوا	1.51
وتذرون	1.86
وتذكيري	1.11
وتذل	2.48
وتذهب	3.69
وتذوقوا	1.58
وتراهم	2.18
وتربصتم	1.31
وترجون	1.78
وترحمنا	2.07
وترحمني	1.96
وترزق	2.08
وترغبون	0.00
وتركتم	2.08
وتركنا	3.11
وتركهم	2.74
وتركوك	2.13
وترهقهم	0.00
وتري	3.86
وتزكيهم	2.04
وتزهق	1.84
وتزودوا	2.26
وتسبحوه	1.71
وتسبيحه	2.14
وتستخرجوا	0.00
وتستخرجون	0.00
وتسعون	3.38
وتسلموا	2.24
وتسليما	1.86
وتسود	2.94
وتسير	3.07
وتشاور	1.87
وتشتكي	2.34
وتشهد	3.10
وتصدق	2.79
وتصدون	1.08
وتصديه	1.78
وتصريف	2.91
وتصف	3.32
وتصفحوا	1.61
وتصلحوا	1.16
وتصليه	1.26
وتضحكون	1.77
وتضع	3.81
وتطمين	2.66
وتظنون	2.01
وتعالي	4.47
وتعاونوا	2.42
وتعز	3.01
وتعزروه	1.75
وتعلم	4.13
وتعمل	4.26
وتعيها	1.50
وتغشي	1.04
وتغفروا	1.55
وتفاخر	2.24
وتفريقا	1.63
وتفصيل	2.80
وتفصيلا	2.85
وتفقد	3.35
وتقبل	3.69
وتقسطوا	2.17
وتقطعت	2.47
وتقطعوا	2.11
وتقطعون	1.57
وتقلبك	1.64
وتقواها	1.87
وتقول	4.63
وتقولوا	2.09
وتقولون	2.58
وتكاثر	2.77
وتكتموا	1.46
وتكتمون	1.29
وتكفرون	1.67
وتكلمنا	2.45
وتكون	4.48
وتكونوا	2.29
وتلذ	1.77
وتلك	4.34
وتله	1.79
وتماثيل	2.63
وتمت	4.13
وتمتعوا	2.41
وتناجوا	1.23
وتنازعتم	1.34
وتنحتون	1.09
وتنذر	2.42
وتنزع	2.70
وتنسون	2.13
وتنشق	2.27
وتنهون	2.36
وتهدي	2.16
وتواصوا	2.67
وتوبوا	2.20
وتوتوها	1.63
وتودون	1.66
وتوفنا	2.16
وتوفي	3.89
وتوفيقا	1.94
وتوقروه	1.87
وتوكل	2.91
وتول	2.05
وتولج	1.88
وتولوا	2.42
وتولي	3.68
وتومنون	2.05
وتووي	1.66
وثاقه	2.26
وثامنهم	0.00
وثبت	3.60
وثقالا	1.65
وثلاث	3.86
وثلثه	1.60
وثله	2.32
وثمانيه	3.41
وثمود	2.73
وثيابك	2.26
وجاء	4.34
وجاءت	3.89
وجاءته	2.01
وجاءتهم	1.09
وجاءك	1.81
وجاءكم	0.00
وجاءه	2.11
وجاءهم	1.89
وجاءوا	2.51
وجادلهم	2.38
وجادلوا	1.71
وجاعل	1.90
وجاعلوه	1.04
وجاهد	2.66
وجاهدهم	1.76
وجاهدوا	2.71
وجاوزنا	1.40
وجبت	3.23
وجبريل	2.55
وجحدوا	2.05
وجحيما	1.51
وجد	4.96
وجدت	5.03
وجدتم	3.17
وجدتموهم	1.77
وجدتها	3.75
وجدكم	1.85
وجدنا	4.48
وجدناه	3.34
وجدها	3.62
وجدوا	4.17
وجرين	1.85
وجزاء	2.65
وجزاهم	2.11
وجعل	4.36
وجعلت	3.53
وجعلكم	2.13
وجعلنا	3.36
وجعلناكم	2.70
وجعلناه	2.20
وجعلناها	2.18
وجعلناهم	2.21
وجعلني	3.04
وجعلها	3.74
وجعلوا	3.31
وجفان	1.09
وجلت	2.48
وجله	2.29
وجلودهم	1.85
وجلون	1.43
وجمع	4.19
وجنات	2.57
وجنت	2.15
وجنه	2.92
وجنوبهم	1.13
وجنود	3.44
وجنودا	2.32
وجنوده	3.18
وجنودهما	1.88
وجني	2.63
وجه	5.22
وجهاد	2.95
وجهت	4.24
وجهرا	2.19
وجهركم	1.39
وجهك	4.67
وجهه	4.80
وجهها	4.40
وجهي	4.58
وجوه	4.39
وجوها	3.19
وجوهكم	3.22
وجوههم	4.10
وجيء	2.48
وجيتك	2.00
وجيتكم	1.31
وجينا	2.62
وجيها	2.85
وحاجه	1.61
وحاق	2.04
وحال	3.36
وحب	4.00
وحبط	1.18
وحبل	2.70
وحجرا	2.02
وحدايق	3.07
وحده	4.77
وحرام	2.73
وحرث	1.76
وحرض	2.55
وحرم	3.36
وحرمنا	2.01
وحرموا	2.20
وحريرا	1.86
وحزنا	2.70
وحزني	2.33
وحسبوا	1.74
وحسن	4.28
وحسنت	2.61
وحشر	2.28
وحشرنا	1.41
وحشرناهم	1.32
وحصل	4.10
وحصورا	1.09
وحصيد	0.00
وحفده	1.41
وحفظا	2.69
وحفظناها	1.35
وحففناهما	1.28
وحق	3.93
وحقت	2.13
وحكما	2.33
وحكمه	3.36
وحلالا	1.60
وحلايل	0.00
وحلوا	2.45
وحمر	2.08
وحملت	3.61
وحملناه	1.53
وحملناهم	2.15
وحمله	2.81
وحملها	2.76
وحميم	2.22
وحنانا	2.23
وحور	2.09
وحي	4.03
وحيا	2.76
وحيث	4.11
وحيدا	4.33
وحيل	2.57
وحين	4.44
وحيه	2.67
وخاب	2.51
وخاتم	2.95
وخاف	2.78
وخافون	1.53
وخالاتكم	0.00
وختم	3.41
وخذ	3.64
وخذوا	2.68
وخذوهم	1.60
وخر	2.59
وخرقوا	1.38
وخروا	1.94
وخسر	3.65
وخسف	2.41
وخشعت	1.87
وخشي	2.69
وخضتم	0.00
وخفيه	2.52
وخلق	4.26
وخلقته	1.96
وخلقنا	1.87
وخلقناكم	1.16
وخلقهم	1.94
وخير	3.75
وخيفه	1.84
ود	4.01
ودا	3.33
وداعيا	2.41
ودانيه	1.69
وداوود	2.21
ودت	2.28
ودخل	3.98
ودرسوا	2.22
ودسر	1.53
ودع	3.66
ودعك	2.57
ودم	3.28
ودمرنا	1.94
ودوا	2.41
ودود	3.42
ودون	4.25
وديارهم	2.09
ودين	3.61
وديه	3.97
وذا	3.51
وذات	3.96
وذر	2.05
وذرني	1.04
وذروا	2.44
وذرياتنا	2.22
وذرياتهم	2.08
وذريته	2.96
وذريتها	2.16
وذريه	2.29
وذكر	4.55
وذكرا	2.43
وذكرهم	2.72
وذكروا	3.21
وذكري	3.05
وذلك	5.67
وذلكم	1.86
وذللت	1.28
وذللناها	0.00
وذله	2.04
وذو	3.59
وذوقوا	1.44
وذي	3.22
وراء	5.08
وراءكم	2.38
وراءه	3.98
وراءهم	3.34
ورابطوا	2.27
وراعنا	0.00
ورافعك	1.32
وراوا	2.78
وراودته	1.61
وراي	3.62
ورايت	3.70
ورايتهم	2.30
ورايكم	2.42
ورايه	3.43
ورايهم	3.12
ورايي	3.42
ورب	3.55
ورباع	2.35
وربايبكم	0.00
وربت	2.45
وربطنا	1.76
وربك	3.08
وربكم	2.43
وربنا	3.38
وربي	3.16
ورتل	2.50
ورتلناه	1.50
ورثه	3.39
ورثوا	2.84
ورجلا	2.75
ورجلك	2.25
ورحمت	1.98
ورحمته	3.24
ورحمتي	2.03
ورحمه	4.19
ورد	4.85
وردا	3.88
ورده	4.03
وردوا	2.50
وردوها	1.57
ورزق	3.19
ورزقا	2.75
ورزقكم	2.12
ورزقناهم	2.14
ورزقني	2.16
ورسالاته	1.51
ورسلا	1.35
ورسلنا	1.34
ورسله	3.23
ورسلي	2.34
ورسول	2.97
ورسولا	2.53
ورسوله	4.21
ورضوا	2.74
ورضوان	2.73
ورضوانا	2.28
ورضي	2.88
ورضيت	2.88
ورعد	2.57
ورفاتا	0.00
ورفع	4.21
ورفعنا	2.53
ورفعناه	1.61
ورق	4.30
ورقه	4.62
ورماحكم	0.00
ورمان	2.18
ورهبا	2.13
ورهبانا	0.00
ورهبانهم	1.82
ورهبانيه	1.24
ورواحها	1.28
وروح	3.93
ورياء	1.80
وريحان	2.31
وريشا	1.68
ورييا	0.00
وزادكم	1.85
وزاده	2.45
وزادهم	1.91
وزخرفا	1.16
وزدناهم	1.67
وزر	3.21
وزرا	2.23
وزرابي	1.51
وزرع	3.44
وزرك	2.02
وزروع	1.83
وزفيرا	1.80
وزكاه	2.64
وزكريا	2.73
وزلزلوا	2.13
وزلفا	1.96
وزنا	3.61
وزنوا	2.06
وزنوهم	1.64
وزهق	2.36
وزوجك	2.79
وزوجناهم	1.63
وزوجه	2.90
وزورا	2.58
وزياده	4.47
وزيتونا	1.21
وزيرا	4.11
وزين	3.43
وزينا	2.05
وزيناها	2.01
وزينتها	2.66
وزينه	2.87
وساء	2.51
وساءت	2.67
وسار	3.42
وسارب	1.34
وسارعوا	2.50
وسبح	2.55
وسبحان	3.09
وسبحه	1.56
وسبحوا	1.76
وسبحوه	1.65
وسبع	3.21
وسبعه	3.62
وسبلا	1.18
وستردون	1.71
وسخر	3.45
وسخرنا	1.67
وسرابيل	1.23
وسراجا	1.46
وسرحوهن	1.04
وسررا	0.00
وسرورا	2.51
وسطا	3.01
وسع	3.71
وسعت	3.80
وسعر	3.14
وسعه	3.46
وسعها	3.54
وسعي	3.36
وسعيد	3.73
وسعيرا	0.00
وسفرا	2.00
وسق	2.08
وسقاهم	1.81
وسقوا	1.01
وسقياها	1.31
وسكنتم	1.31
وسلام	3.69
وسلاما	2.97
وسلطان	3.44
وسلك	2.80
وسلموا	3.04
وسليمان	3.26
وسمعنا	2.98
وسمعهم	1.70
وسنجزي	1.12
وسنزيد	1.47
وسنقول	2.00
وسواء	3.40
وسوف	4.77
وسيجزي	1.99
وسيجنبها	0.00
وسيحبط	1.16
وسيحلفون	0.00
وسيدا	2.17
وسيرت	2.15
وسيري	2.27
وسيصلون	2.16
وسيعلم	2.61
وسيق	2.40
وشاركهم	2.44
وشاقوا	1.32
وشاهد	3.61
وشاورهم	1.93
وشجره	2.95
وشددنا	1.88
وشراب	3.04
وشرابك	1.50
وشركاءكم	0.00
وشركاوكم	1.08
وشروه	1.29
وشفاء	3.06
وشفتين	2.06
وشقاق	1.99
وشمال	4.34
وشهبا	1.83
وشهد	3.81
وشهدوا	2.21
وشهيد	2.71
وشهيق	1.83
وشيء	3.33
وشيبه	2.48
وصابروا	2.34
وصاحبته	2.25
وصاحبهما	2.07
وصاكم	1.56
وصالح	3.73
وصبروا	1.82
وصبغ	2.22
وصد	2.98
وصدف	2.21
وصدق	3.72
وصدقت	2.83
وصدها	1.87
وصدوا	2.24
وصدوكم	0.00
وصرفنا	1.61
وصفهم	3.60
وصل	5.10
وصلنا	4.39
وصلوات	2.54
وصما	0.00
وصموا	1.70
وصهرا	1.84
وصوركم	1.77
وصي	3.26
وصيله	1.79
وصينا	1.46
وصيه	3.91
وضاق	2.53
وضاقت	2.71
وضايق	1.74
وضحاها	3.56
وضرب	4.04
وضربت	3.00
وضربنا	1.93
وضع	5.39
وضعت	4.78
وضعتها	3.95
وضعف	4.01
وضعها	4.43
وضل	2.65
وضلوا	1.68
وضياء	3.18
وطايفه	2.76
وطبع	3.08
وطرا	1.76
وطعام	3.28
وطعاما	2.25
وطعامكم	1.41
وطعامه	2.50
وطعنا	1.51
وطعنوا	2.01
وطفقا	1.41
وطلح	1.81
وطمعا	2.65
وطهر	2.68
وطهرك	1.89
وطور	2.88
وطيا	2.02
وظالم	2.32
وظاهره	2.56
وظاهروا	1.46
وظل	3.97
وظلالهم	1.63
وظللنا	1.91
وظلما	2.36
وظلموا	1.91
وظلها	1.91
وظن	3.14
وظننتم	1.26
وظنوا	2.95
وظهر	4.01
وظهورهم	1.87
وعاء	4.04
وعاد	4.13
وعادا	2.32
وعاشروهن	1.82
وعباد	2.91
وعبد	4.33
وعبقري	2.29
وعتوا	1.72
وعجبوا	1.52
وعجلت	2.16
وعد	4.60
وعدا	3.66
وعدتنا	3.25
وعدتهم	2.93
وعدده	2.12
وعدسها	0.00
وعدك	3.36
وعدكم	2.52
وعدلا	2.86
وعدنا	3.42
وعدناه	2.17
وعدناهم	1.58
وعده	3.61
وعدها	3.16
وعدهم	2.92
وعدو	2.85
وعدوا	3.14
وعدوكم	2.45
وعدوه	2.53
وعذاب	3.12
وعذابا	1.98
وعذب	2.91
وعذبناها	1.04
وعربي	3.00
وعرضنا	2.35
وعرضوا	2.83
وعزرتموهم	0.00
وعزروه	0.00
وعزني	1.49
وعسي	3.35
وعشرا	2.27
وعشيا	2.34
وعشيرتكم	1.01
وعصوا	1.70
وعصي	2.22
وعصيتم	1.51
وعصينا	1.31
وعصيهم	1.71
وعظاما	1.96
وعظهم	1.56
وعفا	2.72
وعقبي	1.61
وعلامات	3.45
وعلانيه	2.70
وعلم	4.10
وعلما	3.15
وعلمتم	1.14
وعلمتني	2.35
وعلمك	2.36
وعلمناه	1.84
وعلمه	3.34
وعلوا	2.20
وعلي	5.67
وعليكم	3.69
وعلينا	3.98
وعليه	4.24
وعليها	3.76
وعليهم	3.57
وعماتكم	0.00
وعماره	2.85
وعمروها	1.67
وعمل	4.60
وعمله	3.63
وعملوا	3.52
وعميانا	1.34
وعن	5.18
وعنب	2.17
وعنبا	0.00
وعنت	1.83
وعند	4.59
وعندنا	3.03
وعنده	3.39
وعندهم	2.92
وعهدنا	1.86
وعهدهم	2.21
وعيد	3.78
وعيسي	3.15
وعيون	3.33
وغدوا	1.54
وغرابيب	1.21
وغرتكم	1.28
وغرتهم	1.50
وغركم	0.00
وغرهم	1.31
وغساق	0.00
وغساقا	0.00
وغضب	3.45
وغفر	2.93
وغلقت	2.61
وغواص	1.43
وغير	4.98
وغيض	1.80
وفار	2.19
وفاقا	2.24
وفاكهه	2.81
وفتح	4.09
وفتحت	3.58
وفتناك	0.00
وفجرنا	1.97
وفدا	3.25
وفديناه	1.25
وفرادي	1.57
وفرحوا	2.27
وفرش	2.50
وفرشا	1.08
وفرضناها	1.42
وفرعها	2.60
وفرعون	2.32
وفريق	3.94
وفريقا	2.00
وفساد	3.48
وفصاله	2.31
وفصل	3.61
وفصيلته	1.66
وفضل	3.53
وفضلا	3.46
وفضلناهم	2.18
وفعلت	3.00
وفواكه	2.61
وفوق	4.09
وفومها	0.00
وفي	6.03
وفيكم	2.36
وفيه	4.39
وفيها	4.41
وقابل	3.36
وقاتل	3.47
وقاتلوا	3.04
وقاتلوهم	2.08
وقارا	2.46
وقارون	1.91
وقاسمهما	0.00
وقال	5.28
وقالا	2.44
وقالت	4.79
وقالوا	4.15
وقايما	2.24
وقب	2.27
وقبايل	3.28
وقبل	4.60
وقبيله	2.23
وقتل	4.53
وقتلت	3.68
وقتلهم	3.30
وقتلوا	3.60
وقثايها	0.00
وقد	5.98
وقدت	2.05
وقدر	3.84
وقدرنا	2.11
وقدره	3.53
وقدمنا	2.40
وقدموا	3.14
وقدور	2.16
وقذف	3.28
وقر	2.87
وقرا	2.45
وقران	2.34
وقرانا	1.76
وقرانه	2.14
وقربناه	1.36
وقرن	2.73
وقرونا	1.42
وقري	2.26
وقص	2.86
وقصر	3.55
وقضبا	0.00
وقضي	3.67
وقضينا	2.72
وقطعن	0.00
وقطعنا	2.18
وقطعناهم	1.53
وقع	4.94
وقعت	4.92
وقعد	2.86
وقعدوا	2.14
وقعودا	2.29
وقفوا	3.68
وقفوهم	1.98
وقفينا	0.00
وقل	3.87
وقلبه	3.47
وقلبوا	1.96
وقلن	2.53
وقلنا	3.39
وقلوبهم	2.99
وقلوبهن	1.54
وقليل	3.71
وقمرا	1.83
وقنا	3.00
وقهم	1.94
وقود	4.11
وقودها	2.82
وقول	3.80
وقولهم	2.50
وقولوا	2.99
وقوم	2.80
وقومك	2.00
وقومه	2.92
وقومها	2.19
وقومهم	1.70
وقومهما	1.18
وقوموا	2.96
وقياما	2.23
وقيضنا	0.00
وقيل	4.31
وقيله	0.00
وكادوا	2.39
وكاس	3.72
وكاسا	2.10
وكان	5.66
وكانت	5.34
وكانوا	4.29
وكاين	2.06
وكبراءنا	1.72
وكبره	2.35
وكبير	3.60
وكتاب	4.03
وكتبنا	2.43
وكتبه	3.14
وكثير	4.08
وكذب	3.52
وكذبتم	1.42
وكذبوا	2.62
وكذلك	5.30
وكره	3.35
وكرها	2.53
وكرهوا	2.14
وكسوتهن	1.23
وكشفت	3.42
وكشفنا	1.81
وكف	3.11
وكفر	3.44
وكفرا	2.01
وكفرت	1.90
وكفرتم	1.26
وكفرنا	1.34
وكفرهم	1.79
وكفروا	2.39
وكفلها	1.59
وكفي	3.50
وكل	5.29
وكلا	3.49
وكلبهم	1.92
وكلم	2.34
وكلما	4.09
وكلماته	2.74
وكلمته	2.41
وكلمه	4.01
وكلمهم	1.31
وكلنا	3.81
وكلهم	3.66
وكلوا	2.81
وكم	4.38
وكن	3.82
وكنا	4.13
وكنت	4.57
وكنتم	2.85
وكنوز	2.47
وكهلا	1.46
وكواعب	1.34
وكونوا	3.29
وكيف	4.96
وكيل	4.44
وكيلا	3.63
ولا	6.09
ولابويه	1.01
ولابين	1.48
ولات	2.50
ولاتم	0.00
ولاجر	1.29
ولاحل	1.31
ولاخواننا	2.22
ولاخي	2.03
ولادخلناهم	0.00
ولادخلنكم	0.00
ولادخلنهم	0.00
ولاصلبنكم	0.00
ولاضلنهم	0.00
ولاغوينهم	1.13
ولامرنهم	1.13
ولامنينهم	0.00
ولامه	1.80
ولانعامكم	0.00
ولاهم	2.45
ولاوضعوا	1.44
ولايتهم	2.54
ولباس	2.72
ولباسهم	2.18
ولبثت	1.91
ولبثوا	1.28
ولبيس	2.17
ولبيوتهم	0.00
ولتات	0.00
ولتبتغوا	1.63
ولتبلغوا	1.04
ولتتقوا	0.00
ولتجدن	1.32
ولتجدنهم	1.46
ولتجري	0.00
ولتجزي	1.08
ولتسالن	1.12
ولتستبين	1.23
ولتسمعن	1.53
ولتصغي	0.00
ولتصنع	1.96
ولتطمين	1.82
ولتعرفنهم	1.44
ولتعلم	2.63
ولتعلمن	1.13
ولتعلموا	1.99
ولتعلن	1.87
ولتكبروا	2.10
ولتكملوا	1.66
ولتكن	3.26
ولتكون	2.73
ولتكونن	1.95
ولتنازعتم	0.00
ولتنذر	0.00
ولتنصرنه	0.00
ولتنظر	2.15
ولحم	3.41
ولد	5.45
ولدا	3.90
ولدار	1.70
ولدان	3.33
ولدت	4.72
ولدنهم	1.44
ولده	3.83
ولدينا	3.88
ولذكر	2.26
ولذلك	4.74
ولذي	1.84
ولربك	1.72
ولرسوله	2.85
ولزوجك	1.99
ولسانا	2.33
ولستم	2.33
ولسليمان	1.63
ولسوف	3.32
ولعب	3.90
ولعبا	2.23
ولعبد	1.71
ولعذاب	2.00
ولعلا	1.77
ولعلكم	2.63
ولعلهم	2.72
ولعنه	2.49
ولعنهم	2.19
ولعنوا	1.77
ولقاء	3.41
ولقاهم	1.65
ولقايه	2.75
ولقد	4.96
ولقومك	1.86
ولك	4.00
ولكل	4.28
ولكم	3.91
ولكن	6.05
ولكنا	3.08
ولكنكم	3.37
ولكنه	5.09
ولكنهم	4.46
ولكني	4.47
وللاخره	1.94
وللارض	1.91
وللبسنا	1.16
وللدار	1.43
وللذين	2.41
وللرجال	2.25
وللرسول	1.98
وللسياره	1.23
وللكافرين	1.96
وللمطلقات	0.00
وللمومنين	2.73
وللنساء	2.78
ولله	4.00
ولم	5.61
ولما	4.70
ولمليت	1.41
ولمن	3.82
ولن	5.14
ولنا	3.71
ولنبلونكم	2.28
ولنبينه	1.29
ولنجزين	1.29
ولنجزينهم	2.23
ولنجعلك	0.00
ولنجعله	1.76
ولنحمل	1.40
ولنخرجنهم	0.00
ولنذيقنهم	1.50
ولنرسلن	1.20
ولنسالن	0.00
ولنسكننكم	1.25
ولنصبرن	1.40
ولنعلمه	0.00
ولنعم	2.15
ولنكونن	0.00
وله	4.79
ولها	4.32
ولهديناهم	1.21
ولهم	3.96
ولهن	2.33
ولهو	2.45
ولهوا	1.35
ولو	5.15
ولوا	2.77
ولوالدي	2.56
ولوالديك	2.19
ولوطا	2.17
ولولا	3.85
ولولوا	1.38
ولوموا	1.32
ولي	4.80
وليا	3.64
ولياتينهم	0.00
ولياخذوا	1.10
وليال	2.66
وليبتلي	0.00
وليبدلنهم	1.04
وليبكوا	1.04
وليبلي	0.00
وليبينن	0.00
وليتبروا	1.16
وليتذكر	2.24
وليتق	1.01
وليتلطف	1.46
وليتم	2.34
وليتمتعوا	1.12
وليجدوا	1.62
وليجه	0.00
وليحكم	1.21
وليحلفن	0.00
وليحملن	1.44
وليخزي	1.26
وليخش	1.60
وليدا	2.45
وليدخلوا	1.13
وليدع	1.78
وليذكر	1.80
وليذيقكم	0.00
وليربط	0.00
وليرضوه	0.00
وليزيدن	0.00
وليس	5.41
وليسالن	1.04
وليسالوا	0.00
وليست	4.59
وليستعفف	1.48
وليشهد	2.09
وليصفحوا	1.82
وليضربن	2.29
وليطوفوا	1.18
وليعفوا	1.81
وليعلم	2.73
وليعلمن	2.03
وليعلموا	2.18
وليقترفوا	0.00
وليقول	0.00
وليقولوا	1.85
وليكتب	1.40
وليكم	2.13
وليكون	2.66
وليكونا	1.13
وليلبسوا	1.04
وليمحص	1.72
وليمسنكم	1.36
وليمكنن	1.09
وليملل	0.00
ولين	3.48
ولينا	3.27
ولينذروا	2.08
ولينصرن	2.26
وليه	3.35
وليهم	2.14
وليهما	1.31
وليوفوا	0.00
وليوفيهم	0.00
وليومنوا	2.25
وليي	2.35
وما	5.64
وماء	3.38
وماتوا	2.92
وماجوج	3.01
وماذا	4.47
وماروت	2.10
وماواكم	1.22
وماواه	2.19
وماواهم	1.82
ومبشرا	2.26
ومتاع	2.20
ومتاعا	1.89
ومتعناهم	0.00
ومتعوهن	1.31
ومثل	4.14
ومثلا	2.68
ومثله	3.27
ومثلهم	2.87
ومثواكم	1.51
ومحرم	2.43
ومحياي	2.46
ومخرج	3.66
ومرساها	1.84
ومرعاها	0.00
ومريم	3.40
ومزاجه	2.43
ومزقناهم	1.21
ومساجد	2.81
ومساكن	2.85
ومساكنكم	1.34
ومستودع	2.60
ومستودعها	1.90
ومشارب	1.41
ومشهود	2.21
ومصدقا	1.66
ومصيرا	1.98
ومضي	3.25
ومطهرك	0.00
ومعارج	1.51
ومعصيت	1.04
ومعين	2.66
ومغاربها	2.55
ومغانم	1.47
ومغفره	2.65
ومقام	2.95
ومقاما	2.27
ومقتا	1.57
ومقصرين	1.55
ومكر	2.74
ومكرنا	1.08
ومكروا	1.94
وملاه	1.94
وملايكته	3.21
وملك	3.64
وملكا	2.38
ومليه	2.10
ومليهم	1.23
ومما	4.02
ومماتهم	1.83
ومماتي	2.52
وممن	3.34
ومن	6.01
ومنا	2.94
ومنافع	2.34
ومناه	1.89
ومنذرين	2.28
ومنك	2.99
ومنكم	2.92
ومنه	3.95
ومنها	4.67
ومنهاجا	1.19
ومنهم	4.37
ومهدت	2.49
ومهلهم	0.00
ومهيمنا	1.32
ومواليكم	0.00
وموسي	3.23
وموعظه	2.40
وميثاقه	1.75
وميكال	1.81
وناداهما	0.00
ونادوا	2.40
ونادي	3.72
وناديناه	0.00
وناي	2.22
ونباتا	1.28
ونبلو	1.56
ونبلوكم	1.90
ونبيا	2.08
ونبيهم	1.78
ونتبع	2.28
ونتجاوز	2.21
ونجعل	2.70
ونجعلهم	2.74
ونجنا	2.04
ونجني	2.44
ونجواهم	1.57
ونجينا	0.00
ونجيناه	2.20
ونجيناهم	0.00
ونجيناهما	0.00
ونحاس	2.16
ونحشر	0.00
ونحشره	2.16
ونحشرهم	0.00
ونحفظ	2.10
ونحن	5.12
ونحيا	2.33
ونخرج	2.80
ونخزي	0.00
ونخل	2.26
ونخلا	1.26
ونخوفهم	1.08
ونخيل	2.30
ونداء	2.48
وندخلكم	1.53
وندخلهم	1.63
ونذر	2.56
ونذرهم	0.00
ونذكرك	1.63
ونذير	2.09
ونذيرا	2.77
ونذيقه	0.00
ونراه	2.67
ونرثه	0.00
ونرد	2.47
ونري	2.41
ونريد	3.59
ونزداد	1.39
ونزع	3.44
ونزعنا	2.07
ونزل	3.65
ونزلنا	2.64
ونزلناه	1.37
ونساء	3.90
ونساءكم	1.35
ونساءنا	2.00
ونستحيي	1.36
ونسرا	1.87
ونسقيه	1.36
ونسكي	2.46
ونسوا	3.16
ونسوق	1.97
ونسوه	1.71
ونسي	3.12
ونصحت	2.47
ونصرناه	0.00
ونصرناهم	0.00
ونصروا	1.85
ونصروه	1.30
ونصفه	2.77
ونصله	2.15
ونصيرا	2.15
ونضع	3.22
ونطبع	1.58
ونطمع	1.72
ونعلم	3.33
ونعم	3.93
ونعمه	3.06
ونعيم	2.86
ونفاقا	2.23
ونفخ	2.84
ونفخت	1.75
ونفس	3.91
ونفصل	1.82
ونفضل	2.20
ونفور	2.14
ونقدس	1.62
ونقر	2.40
ونقص	3.94
ونقلب	2.12
ونقلبهم	1.39
ونقول	3.89
ونكتب	2.72
ونكفر	1.74
ونكون	3.48
ونلعب	2.91
ونمارق	1.50
ونمد	1.85
ونمكن	1.43
ونمنعكم	0.00
ونميت	1.72
ونمير	1.58
وننزل	2.63
وننشيكم	0.00
ونهارا	3.50
ونهر	3.23
ونهوا	2.22
ونهي	3.10
ونوحا	1.88
ونودوا	0.00
ونور	3.79
ونورهم	1.34
ونيسرك	0.00
وهاجا	1.97
وهاجروا	2.49
وهارون	2.71
وهامان	2.20
وهب	3.93
وهبت	3.19
وهبنا	2.68
وهداه	2.50
وهدوا	1.91
وهدي	3.17
وهديناه	1.36
وهديناهم	0.00
وهديناهما	0.00
وهذا	5.58
وهذه	5.07
وهزي	1.99
وهل	4.81
وهم	5.32
وهما	4.70
وهمت	2.18
وهموا	1.81
وهن	3.89
وهنا	4.70
وهنوا	1.81
وهو	6.17
وهولاء	4.02
وهي	5.87
وهيي	2.08
وواعدنا	1.59
وواعدناكم	0.00
ووالد	3.16
ووجد	3.90
ووجدك	2.01
ووجدوا	3.46
ووجوه	2.96
ووحينا	1.34
وودوا	1.66
وورث	3.01
وورثه	1.80
ووري	2.58
ووصي	1.94
ووصينا	2.30
ووضع	4.42
ووضعته	2.88
ووضعنا	2.81
ووعدتكم	1.77
ووفيت	2.20
ووقانا	1.75
ووقاهم	1.36
ووقع	3.80
وولدا	2.32
وولده	3.26
ووهبنا	2.32
وويل	2.89
ويا	4.21
ويابي	2.58
ويات	2.23
وياتوكم	1.04
وياتينا	1.65
وياتيه	2.12
وياخذ	3.74
وياكلون	2.78
ويامركم	1.90
ويامرون	2.54
ويامنوا	0.00
ويبسط	2.62
ويبسطوا	1.39
ويبشر	2.56
ويبصرون	1.80
ويبطل	2.62
ويبغون	1.81
ويبغونها	1.60
ويبقي	4.19
ويبين	3.29
ويتبع	3.35
ويتجنبها	1.21
ويتخذ	3.01
ويتخذها	2.14
ويتخطف	1.37
ويتربص	1.65
ويتعد	1.60
ويتعلمون	2.55
ويتفكرون	1.96
ويتقه	1.40
ويتلوه	1.67
ويتم	4.71
ويتمتعوا	1.95
ويتناجون	1.26
ويتوب	2.62
ويتولوا	1.59
ويتيما	2.05
ويثبت	3.52
ويجادل	2.56
ويجركم	1.42
ويجزي	1.82
ويجزيهم	1.47
ويجعل	3.95
ويجعلكم	2.08
ويجعله	3.24
ويجعلون	2.59
ويحب	3.56
ويحبون	2.97
ويحبونه	2.59
ويحذركم	1.71
ويحرم	3.28
ويحرمونه	1.30
ويحسبون	2.40
ويحفظن	2.18
ويحفظوا	2.28
ويحق	3.34
ويحل	3.10
ويحلفون	1.63
ويحمل	3.87
ويحيي	3.34
ويخافون	2.70
ويختار	3.27
ويخرج	3.69
ويخرجكم	1.45
ويخرجهم	1.69
ويخرون	1.75
ويخزهم	1.51
ويخش	1.46
ويخشون	2.25
ويخشونه	1.76
ويخلد	1.89
ويخلق	3.08
ويخوفونك	1.49
ويدخلكم	1.90
ويدخله	2.56
ويدخلهم	2.30
ويدرءون	1.29
ويدرا	1.57
ويدع	2.62
ويدعون	3.57
ويدعوننا	2.16
ويذبحون	2.21
ويذرك	1.40
ويذرهم	0.00
ويذرون	2.11
ويذكر	4.15
ويذكروا	2.25
ويذهب	3.84
ويذهبا	1.61
ويذيق	1.50
ويربي	2.41
ويرث	2.66
ويرجو	2.33
ويرجون	2.20
ويرحم	2.58
ويرزقه	2.55
ويرسل	3.46
ويرضي	2.93
ويرضين	0.00
ويري	4.03
ويريد	3.79
ويريدون	3.44
ويريكم	1.62
ويزداد	3.69
ويزدكم	1.61
ويزكيكم	1.37
ويزكيهم	1.82
ويزيد	3.88
ويزيدهم	2.32
ويسارعون	1.47
ويسالون	2.64
ويسالونك	2.61
ويسبح	2.57
ويسبحونه	1.48
ويستاذن	1.57
ويستبدل	2.43
ويستبشرون	1.84
ويستجيب	2.82
ويستحيون	1.75
ويستحيي	1.41
ويستخرجا	1.57
ويستخلف	1.65
ويستخلفكم	1.50
ويستعجلونك	1.46
ويستغفروا	1.31
ويستغفرون	2.10
ويستغفرونه	1.18
ويستفتونك	0.00
ويستكبر	0.00
ويستنبيونك	0.00
ويستهزا	1.51
ويسخرون	2.68
ويسر	3.72
ويسعون	2.71
ويسفك	1.80
ويسقون	1.91
ويسقي	2.22
ويسقين	1.59
ويسلموا	2.03
ويشترون	2.65
ويشرب	3.54
ويشف	1.93
ويشهد	3.36
ويصبر	3.16
ويصدكم	0.00
ويصدون	1.82
ويصرفه	1.64
ويصلح	3.11
ويصلي	2.96
ويصنع	3.23
ويضرب	3.40
ويضع	3.67
ويضل	2.43
ويضيق	3.22
ويطاف	1.87
ويطعمون	2.29
ويطهركم	1.60
ويطوف	2.46
ويطيعون	1.20
ويعبدون	2.35
ويعذب	2.53
ويعظم	2.59
ويعف	1.23
ويعفو	2.71
ويعقوب	3.09
ويعلم	3.62
ويعلمك	2.19
ويعلمكم	1.93
ويعلمه	2.38
ويعلمهم	2.43
ويعلمون	2.99
ويعمل	4.39
ويعملون	3.44
ويعوق	2.22
ويعيد	3.56
ويغفر	3.16
ويفسدون	2.05
ويفعل	3.24
ويفعلون	2.82
ويقبضن	1.38
ويقبضون	2.06
ويقتلون	3.27
ويقدر	3.94
ويقذفون	2.04
ويقطع	3.20
ويقطعون	2.52
ويقللكم	1.16
ويقول	4.86
ويقولوا	3.05
ويقولون	3.94
ويقيموا	2.48
ويقيمون	2.80
ويكان	1.81
ويكانه	1.57
ويكتمون	1.56
ويكشف	3.58
ويكفر	2.61
ويكفرون	2.32
ويكفوا	0.00
ويكلم	2.14
ويكور	1.37
ويكون	4.55
ويكونون	2.84
ويل	4.34
ويلبسون	2.40
ويلتا	0.00
ويلتنا	1.63
ويلتي	2.10
ويلعب	3.79
ويلعبوا	1.95
ويلعن	2.55
ويلعنهم	1.68
ويلقوا	1.77
ويلقون	2.64
ويلك	2.98
ويلكم	2.71
ويلنا	2.16
ويلههم	1.46
ويمح	1.40
ويمحق	1.81
ويمددكم	2.28
ويمدهم	2.12
ويمسك	2.99
ويمشون	2.37
ويمشي	3.04
ويمكر	2.39
ويمكرون	2.33
ويمنعون	2.31
ويمنيهم	1.55
ويميت	2.83
ويناون	1.18
وينجي	1.70
وينذر	2.17
وينذرونكم	0.00
وينزل	3.24
وينشر	3.68
وينشي	2.39
وينصرك	1.85
وينصركم	2.84
وينصرون	1.89
وينعه	0.00
وينفقوا	1.36
وينقلب	2.51
وينهاهم	1.67
وينهون	3.07
وينهي	2.96
ويهب	2.44
ويهدي	2.81
ويهديك	1.96
ويهديكم	1.75
ويهديه	2.11
ويهديهم	2.20
ويهلك	2.38
ويهيي	2.07
ويوت	1.75
ويوتوا	2.26
ويوتون	2.45
ويوثرون	2.26
ويوخركم	1.34
ويوسف	3.57
ويولج	1.90
ويولون	2.10
ويوم	4.12
ويومن	3.47
ويومنون	2.93
ويوميذ	2.23
ويونس	2.86
يا	6.31
ياب	2.63
يابس	3.02
يابسات	1.79
يات	4.06
ياتك	2.13
ياتكم	2.01
ياتل	1.04
ياتمرون	2.10
ياته	2.09
ياتهم	1.80
ياتوا	3.62
ياتوك	2.28
ياتوكم	0.00
ياتون	4.05
ياتونك	1.96
ياتوننا	1.93
ياتوني	1.54
ياتي	5.21
ياتيانها	0.00
ياتيك	3.31
ياتيكم	2.87
ياتيكما	1.22
ياتين	2.96
ياتينا	3.24
ياتينك	0.00
ياتينكم	1.85
ياتيني	3.38
ياتيه	3.44
ياتيها	2.72
ياتيهم	3.01
ياجوج	3.00
ياخذ	4.65
ياخذه	3.56
ياخذهم	2.66
ياخذوا	3.64
ياخذون	3.81
ياخذونها	2.40
ياخذوه	2.22
ياذن	3.33
ياسين	4.40
يافكون	1.36
ياكل	4.33
ياكلان	2.25
ياكلن	2.49
ياكله	3.19
ياكلهن	1.85
ياكلوا	3.10
ياكلون	4.02
يالمون	1.94
يالونكم	0.00
يامر	4.00
يامركم	2.47
يامرهم	2.62
يامرون	2.67
يامن	3.34
يامنوكم	0.00
يان	3.75
يبايعنك	1.25
يبايعون	2.22
يبايعونك	2.28
يبتغ	2.36
يبتغون	2.77
يبث	3.79
يبحث	4.67
يبخس	1.71
يبخسون	1.44
يبخل	3.12
يبخلون	2.19
يبدا	4.89
يبدل	3.27
يبدلنا	1.41
يبدله	2.22
يبدلهما	1.55
يبدلوا	1.79
يبدلونه	1.59
يبدها	1.59
يبدون	4.02
يبدي	3.64
يبدين	2.60
يبسا	1.64
يبسط	3.21
يبسطوا	1.76
يبشر	3.71
يبشرك	2.33
يبشرهم	2.02
يبصر	3.18
يبصروا	1.34
يبصرون	2.73
يبصرونهم	1.40
يبطش	2.12
يبطشون	1.66
يبعث	4.04
يبعثك	2.21
يبعثكم	1.48
يبعثهم	2.24
يبعثوا	2.47
يبعثون	3.46
يبغون	2.73
يبغونكم	1.46
يبغيان	1.86
يبكون	3.70
يبلس	1.19
يبلغ	4.91
يبلغا	2.06
يبلغن	2.65
يبلغوا	3.30
يبلغون	3.29
يبلوكم	0.00
يبلي	2.80
يبور	1.92
يبيتون	2.68
يبين	4.28
يبينها	2.10
يتاخر	3.77
يتامي	2.69
يتب	2.68
يتبدل	3.00
يتبع	4.53
يتبعها	3.76
يتبعهم	2.80
يتبعوكم	0.00
يتبعون	3.74
يتبوا	2.43
يتبين	3.59
يتجرعه	1.73
يتحاجون	1.31
يتحاكموا	1.13
يتخافتون	1.09
يتخبطه	1.67
يتخذ	4.26
يتخذوا	3.03
يتخذون	3.33
يتخذونك	1.38
يتخذوه	1.34
يتخطفكم	1.66
يتخلفوا	1.31
يتخيرون	1.59
يتدبرون	2.65
يتذكر	4.26
يتذكرون	3.40
يتراجعا	1.10
يتربصن	1.25
يتربصون	2.54
يترددون	3.12
يترقب	2.97
يترك	4.58
يتركم	1.86
يتركوا	3.79
يتزكي	1.75
يتساءلون	3.36
يتسللون	2.61
يتسنه	0.00
يتضرعون	2.31
يتطهروا	1.74
يتطهرون	2.01
يتعارفون	1.82
يتعد	2.57
يتغامزون	1.19
يتغير	4.57
يتفجر	2.66
يتفرقا	2.46
يتفرقون	2.18
يتفضل	2.85
يتفطرن	1.92
يتفكروا	1.91
يتفكرون	2.84
يتفيا	1.65
يتق	2.76
يتقبل	3.73
يتقدم	4.12
يتقون	2.77
يتقي	2.86
يتكبرون	1.82
يتكلم	4.69
يتكلمون	4.03
يتكيون	1.43
يتلاومون	1.71
يتلقي	4.15
يتلو	3.28
يتلون	3.00
يتلونه	1.72
يتلي	2.88
يتم	5.81
يتماسا	1.59
يتمتعون	3.81
يتمطي	1.88
يتمنونه	2.07
يتمنوه	1.81
يتنازعون	2.07
يتناهون	1.96
يتنزل	2.69
يتواري	2.61
يتوب	3.26
يتوبوا	2.61
يتوبون	2.31
يتوفاكم	1.94
يتوفاهن	0.00
يتوفون	2.00
يتوفونهم	0.00
يتوفي	3.12
يتوكل	2.67
يتوكلون	2.36
يتول	2.57
يتولهم	2.15
يتولوا	2.42
يتولون	3.08
يتولونه	1.49
يتولي	4.17
يتيما	3.52
يتيمين	2.22
يتيهون	1.70
يثبت	4.54
يثخن	2.01
يثرب	3.20
يثقفوكم	1.23
يثنون	2.39
يجادل	3.94
يجادلنا	1.09
يجادلون	3.21
يجادلونك	1.39
يجار	2.12
يجارون	1.73
يجاهد	3.07
يجاهدوا	1.81
يجاهدون	2.59
يجاورونك	0.00
يجب	5.79
يجبي	1.71
يجتبي	1.30
يجتبيك	0.00
يجتنبون	1.49
يجحد	2.47
يجحدون	2.21
يجد	4.83
يجدك	2.70
يجده	3.65
يجدوا	4.02
يجدون	3.97
يجدونه	2.83
يجرمنكم	1.85
يجره	2.69
يجري	4.93
يجز	2.68
يجزاه	1.82
يجزون	1.94
يجزي	2.75
يجعل	5.09
يجعلني	4.12
يجعله	4.25
يجعلون	3.55
يجعلوه	2.37
يجليها	1.68
يجمحون	0.00
يجمع	4.55
يجمعكم	2.03
يجمعون	3.57
يجهلون	3.10
يجيب	4.25
يجير	2.34
يجيرني	1.57
يحاجوكم	0.00
يحاجون	1.67
يحادد	0.00
يحادون	1.65
يحاربون	3.60
يحاسب	3.75
يحاسبكم	1.70
يحاط	2.74
يحافظون	3.11
يحاوره	2.23
يحب	4.93
يحببكم	2.50
يحبرون	1.44
يحبسه	1.87
يحبهم	3.28
يحبون	4.29
يحبونكم	2.12
يحبونهم	2.73
يحتسب	3.46
يحتسبوا	2.05
يحتسبون	2.27
يحدث	5.37
يحذر	3.97
يحذرون	3.29
يحرفون	2.27
يحرفونه	1.35
يحرمون	3.10
يحزن	3.59
يحزنك	2.51
يحزنهم	1.93
يحزنون	3.38
يحسب	3.92
يحسبن	2.07
يحسبه	2.66
يحسبهم	1.95
يحسبون	3.21
يحسدون	2.58
يحسنون	3.13
يحشر	3.23
يحشرهم	1.91
يحشروا	1.65
يحشرون	2.52
يحض	2.87
يحضرون	3.78
يحضن	2.56
يحطمنكم	2.10
يحفظونه	2.01
يحق	4.43
يحكم	4.45
يحكمان	2.07
يحكموك	1.73
يحكمون	3.57
يحكمونك	1.30
يحل	4.39
يحلفون	2.40
يحلل	3.48
يحلون	2.90
يحلونه	1.55
يحمدوا	1.76
يحمل	4.98
يحملنها	1.69
يحملون	4.19
يحملوها	1.92
يحموم	1.74
يحمي	4.15
يحور	2.15
يحول	4.15
يحيطوا	1.95
يحيطون	3.04
يحيف	1.44
يحيق	2.53
يحيك	2.55
يحيي	4.69
يحييكم	2.52
يحيين	1.77
يحييها	2.61
يخادعون	2.47
يخاف	4.19
يخافا	1.39
يخافه	2.68
يخافوا	2.92
يخافون	3.87
يخالفون	3.00
يختانون	1.29
يختص	3.80
يختصمون	1.73
يختلفون	3.64
يختم	3.45
يخدعوك	2.03
يخدعون	2.73
يخذلكم	1.82
يخربون	2.66
يخرج	4.73
يخرجاكم	0.00
يخرجكم	1.89
يخرجن	2.78
يخرجنكما	1.48
يخرجهم	2.48
يخرجوا	3.74
يخرجوك	1.96
يخرجوكم	2.23
يخرجون	3.84
يخرجونهم	1.37
يخرصون	1.57
يخروا	1.53
يخرون	1.61
يخزي	2.21
يخزيه	1.85
يخزيهم	1.26
يخسر	4.07
يخسرون	3.32
يخسف	2.53
يخش	2.70
يخشاها	2.20
يخشون	3.75
يخشي	4.24
يخصفان	1.54
يخصمون	1.85
يخطف	3.27
يخفف	3.88
يخفون	3.24
يخفي	3.94
يخفين	1.96
يخل	3.38
يخلف	3.70
يخلفه	3.28
يخلفون	2.13
يخلق	4.19
يخلقكم	1.09
يخلقوا	2.55
يخلقون	2.84
يخوضوا	2.74
يخوضون	3.30
يخوف	2.59
يخيل	3.25
يد	5.13
يدا	3.87
يدافع	4.10
يداك	3.39
يداه	3.59
يدبر	3.23
يدبروا	1.77
يدخل	4.83
يدخلنا	2.53
يدخلنها	0.00
يدخله	3.34
يدخلون	3.93
يدخلونها	2.41
يدخلوها	2.10
يدرسونها	2.18
يدرك	4.31
يدرككم	1.92
يدركه	3.43
يدريك	3.05
يدسه	1.41
يدع	3.83
يدعنا	2.07
يدعو	4.72
يدعوك	3.37
يدعوكم	2.75
يدعون	4.37
يدعونني	2.56
يدعونه	2.90
يدعوه	3.51
يدعوهم	3.26
يدعي	4.81
يدك	4.34
يدنين	2.20
يده	4.50
يدي	4.73
يدينون	3.34
يديه	4.34
يديها	3.81
يذبح	3.54
يذبحون	3.10
يذروكم	1.50
يذكر	4.91
يذكرهم	3.33
يذكرون	3.45
يذهب	4.62
يذهبكم	1.67
يذهبن	3.28
يذهبوا	3.61
يذوقوا	2.18
يذوقون	2.23
ير	3.81
يراءون	1.51
يراد	3.34
يراك	3.92
يراكم	2.81
يراها	4.08
يربو	3.35
يرتاب	2.44
يرتابوا	2.07
يرتد	3.32
يرتدد	0.00
يرتع	1.83
يرثني	1.44
يرثها	2.53
يرثون	2.69
يرجع	4.72
يرجعون	3.40
يرجموكم	1.52
يرجو	3.42
يرجون	2.91
يرحمكم	2.83
يرحمنا	2.55
يرد	4.70
يردك	2.60
يردن	2.79
يردوكم	1.97
يردون	3.59
يردونكم	1.43
يرزق	3.45
يرزقكم	2.35
يرزقها	2.33
يرزقون	2.77
يرسل	4.49
يرشدون	2.39
يرضعن	2.18
يرضه	1.65
يرضونكم	1.08
يرضونه	1.86
يرضوه	1.71
يرضي	3.96
يرغب	4.63
يرغبوا	2.73
يرفع	4.40
يرفعه	2.92
يرقبوا	1.51
يرقبون	2.21
يركبون	3.07
يركضون	3.33
يركعون	3.08
يرم	2.31
يرمون	3.52
يره	3.46
يرهبون	2.31
يرهق	2.79
يرهقهما	1.48
يروا	4.14
يرون	4.36
يرونه	3.51
يرونها	3.34
يرونهم	2.18
يري	5.00
يريد	5.20
يريدا	2.39
يريدان	3.23
يريدوا	3.31
يريدون	4.92
يريكم	2.35
يريكموهم	1.04
يريكهم	0.00
يريهم	2.54
يزال	5.07
يزالون	3.93
يزجي	1.81
يزده	2.16
يزدهم	1.60
يزرون	1.66
يزعمون	3.58
يزغ	0.00
يزفون	1.83
يزكون	1.94
يزكي	2.63
يزكيهم	2.19
يزنون	2.44
يزنين	1.04
يزوجهم	1.56
يزيد	4.99
يزيدهم	2.42
يزيدون	3.32
يزيغ	1.80
يس	3.64
يسارعون	2.79
يساقون	2.19
يسال	4.54
يسالك	3.37
يسالكم	2.20
يسالكموها	0.00
يساله	3.54
يسالون	3.63
يسالونك	3.03
يسام	2.45
يسامون	1.84
يسبتون	0.00
يسبح	3.73
يسبحن	2.09
يسبحون	3.04
يسبقونا	2.14
يسبقونه	1.06
يستاخرون	2.06
يستاذنك	1.51
يستاذنونك	0.00
يستاذنوه	0.00
يستبدل	3.31
يستبشرون	2.29
يستثنون	1.65
يستجيب	3.94
يستجيبوا	2.75
يستجيبون	2.97
يستحبون	1.74
يستحسرون	1.46
يستحيي	2.26
يستخفنك	1.60
يستخفون	2.43
يستسخرون	1.23
يستصرخه	1.36
يستضعف	1.88
يستضعفون	1.04
يستطع	4.37
يستطيع	5.11
يستطيعون	4.52
يستعتبوا	0.00
يستعتبون	0.00
يستعجل	2.98
يستعجلون	2.27
يستعجلونك	0.00
يستعففن	1.28
يستغشون	0.00
يستغفر	2.89
يستغفروا	1.48
يستغفرون	2.52
يستغيثان	1.39
يستغيثوا	1.32
يستفتحون	1.32
يستفتونك	1.84
يستفزهم	1.85
يستقدمون	2.18
يستقيم	3.36
يستكبرون	2.45
يستمع	4.20
يستمعون	3.52
يستنبطونه	1.38
يستنقذوه	0.00
يستنكحها	0.00
يستنكف	2.36
يستهزي	2.56
يستهزيون	2.42
يستوفون	2.53
يستوون	2.05
يستوي	3.25
يستويان	2.08
يسجد	3.29
يسجدان	1.71
يسجدوا	2.05
يسجدون	2.68
يسجرون	0.00
يسجن	3.29
يسحبون	2.91
يسخر	3.96
يسخطون	1.58
يسر	4.03
يسرا	3.52
يسرف	2.50
يسرفوا	1.97
يسرق	4.10
يسرقن	1.79
يسرنا	3.74
يسرناه	1.42
يسره	2.84
يسرون	2.24
يسطرون	2.52
يسطون	2.02
يسعون	4.02
يسعي	4.53
يسقون	2.39
يسقي	2.85
يسكن	4.20
يسلبهم	1.91
يسلط	3.75
يسلك	3.35
يسلكه	2.91
يسلم	4.13
يسلمون	2.98
يسمع	4.52
يسمعها	3.45
يسمعوا	3.50
يسمعون	3.76
يسمعونكم	1.48
يسمن	2.62
يسومهم	1.54
يسومونكم	1.68
يسير	4.46
يسيرا	3.41
يسيركم	0.00
يسيروا	2.85
يسيغه	1.21
يشا	3.37
يشاء	4.14
يشاءون	2.56
يشاق	1.43
يشاقق	2.10
يشترون	3.65
يشتري	4.09
يشتهون	2.69
يشرب	4.14
يشربون	3.66
يشرح	4.19
يشرك	3.28
يشركن	1.13
يشركون	2.89
يشرون	1.69
يشري	2.21
يشعركم	1.70
يشعرن	3.09
يشعرون	4.41
يشفع	3.35
يشفعون	1.81
يشفين	2.04
يشقق	1.47
يشقي	2.65
يشكر	3.53
يشكرون	3.22
يشهد	4.37
يشهده	2.57
يشهدون	3.52
يشوي	2.54
يصب	4.00
يصبح	4.94
يصبروا	2.05
يصبكم	1.20
يصبها	2.13
يصحبون	1.35
يصدر	4.35
يصدعون	1.71
يصدفون	0.00
يصدقني	2.60
يصدقوا	3.22
يصدقون	3.44
يصدكم	1.20
يصدنك	1.41
يصدنكم	0.00
يصدون	2.50
يصر	3.85
يصرف	3.76
يصرفون	2.77
يصروا	2.25
يصرون	3.29
يصطرخون	1.21
يصطفي	1.79
يصعد	3.78
يصعقون	1.96
يصفون	3.62
يصل	5.06
يصلاها	1.82
يصلبوا	1.61
يصلح	4.24
يصلحا	1.31
يصلحون	2.97
يصلوا	3.84
يصلون	4.05
يصلونها	2.15
يصلي	4.16
يصنع	4.42
يصنعون	3.91
يصهر	2.29
يصوركم	1.73
يصيب	4.09
يصيبكم	2.49
يصيبنا	2.95
يصيبهم	2.98
يضار	1.79
يضاعف	3.42
يضاعفه	1.64
يضاعفها	2.03
يضاهيون	1.25
يضحكون	3.57
يضر	4.12
يضرب	4.36
يضربن	2.16
يضربون	3.52
يضرعون	1.16
يضرك	3.02
يضركم	2.40
يضرنا	2.58
يضره	3.12
يضرهم	2.84
يضروا	2.08
يضروك	2.48
يضروكم	1.44
يضرون	2.01
يضرونك	1.23
يضعن	2.84
يضل	3.43
يضلل	3.10
يضلله	1.62
يضله	1.98
يضلهم	1.38
يضلوا	2.31
يضلوك	1.95
يضلون	2.40
يضلونكم	1.29
يضلونهم	1.57
يضيء	3.61
يضيع	3.88
يضيفوهما	1.64
يضيق	3.62
يطاع	2.58
يطاف	2.21
يطبع	3.34
يطع	2.85
يطعم	3.18
يطعمني	2.19
يطعمه	2.22
يطعمها	2.24
يطعمون	2.56
يطغي	3.35
يطفيوا	2.28
يطلبه	3.42
يطمثهن	1.68
يطمع	2.96
يطمعون	2.14
يطهر	3.06
يطهرن	1.25
يطوف	3.23
يطوفون	2.79
يطير	4.07
يطيروا	2.40
يطيعكم	0.00
يطيقونه	1.86
يطيون	0.00
يظاهروا	1.46
يظاهرون	1.89
يظلم	3.27
يظلمون	2.85
يظن	4.39
يظنون	3.90
يظهر	5.11
يظهروا	3.61
يظهرون	3.74
يظهروه	1.66
يعبا	2.83
يعبد	3.52
يعبدون	3.38
يعبدونني	1.25
يعبدوها	1.45
يعتدون	3.22
يعتذرون	2.50
يعتزلوكم	0.00
يعتصم	2.64
يعجب	3.71
يعجبك	3.84
يعجزون	2.82
يعجل	3.21
يعد	5.33
يعدكم	2.42
يعدلون	2.66
يعدهم	2.53
يعدون	3.45
يعذب	3.60
يعذبكم	2.04
يعذبنا	2.03
يعذبه	2.63
يعذبهم	2.58
يعرج	3.05
يعرجون	1.67
يعرشون	1.67
يعرض	4.58
يعرضوا	2.90
يعرضون	3.58
يعرف	5.34
يعرفن	3.24
يعرفوا	4.01
يعرفون	4.68
يعرفونه	3.51
يعرفونها	2.93
يعرفونهم	2.55
يعزب	1.56
يعش	3.26
يعص	2.52
يعصرون	1.88
يعصمك	1.94
يعصمكم	1.12
يعصمني	1.64
يعصون	2.16
يعصينك	0.00
يعض	3.27
يعطوا	3.18
يعطيك	4.08
يعظكم	2.42
يعظم	3.16
يعظه	2.22
يعفو	3.08
يعفون	2.09
يعقب	3.38
يعقلها	1.78
يعقلون	2.91
يعقوب	4.60
يعكفون	2.12
يعلم	5.17
يعلمان	2.75
يعلمه	3.71
يعلمها	3.45
يعلمهم	3.22
يعلموا	3.75
يعلمون	4.49
يعلنون	3.78
يعمر	3.13
يعمروا	1.67
يعمل	5.37
يعملون	4.72
يعمهون	2.40
يعودوا	4.04
يعودون	3.74
يعوذون	1.61
يعي	3.54
يعيد	4.39
يعيدكم	1.96
يعيدنا	2.82
يعيده	3.24
يعيدوكم	1.44
يغاث	1.71
يغاثوا	0.00
يغادر	4.28
يغتب	2.07
يغررك	1.36
يغرنك	2.41
يغرنكم	2.24
يغشاه	2.22
يغشاها	2.01
يغشاهم	1.63
يغشي	2.90
يغشيكم	0.00
يغضضن	2.20
يغضوا	2.51
يغضون	2.38
يغفر	3.98
يغفروا	2.35
يغفرون	2.07
يغل	2.40
يغلب	3.90
يغلبوا	2.06
يغلبون	2.18
يغلل	1.53
يغلي	3.56
يغن	2.20
يغنهم	1.87
يغنوا	2.50
يغني	4.07
يغنيا	1.10
يغنيكم	1.85
يغنيه	2.62
يغنيهم	2.22
يغوث	2.43
يغوصون	2.13
يغويكم	1.59
يغير	4.53
يغيروا	3.53
يغيظ	2.50
يفتح	4.49
يفتدي	2.17
يفتر	2.82
يفترون	2.72
يفتري	2.30
يفترينه	0.00
يفتنكم	1.77
يفتننكم	1.68
يفتنهم	1.67
يفتنوك	1.61
يفتنون	2.45
يفتيكم	1.62
يفجرونها	1.47
يفر	3.39
يفرح	3.40
يفرحوا	2.27
يفرحون	2.73
يفرط	3.08
يفرطون	2.41
يفرق	3.83
يفرقوا	2.30
يفرقون	2.75
يفسح	2.96
يفسد	3.78
يفسدون	2.82
يفسقون	1.96
يفصل	4.05
يفعل	4.78
يفعله	4.37
يفعلوا	3.84
يفعلون	4.10
يفقهوا	2.27
يفقهون	3.04
يفقهوه	1.39
يفلح	3.64
يفلحون	2.17
يقاتل	3.99
يقاتلوا	2.80
يقاتلوكم	2.47
يقاتلون	4.03
يقاتلونكم	2.28
يقال	4.84
يقبض	3.69
يقبل	4.49
يقتتلان	1.32
يقترف	2.55
يقترفون	2.14
يقتروا	1.98
يقتل	4.60
يقتلن	2.37
يقتلوا	3.53
يقتلوك	2.24
يقتلون	4.07
يقتلونني	1.67
يقدر	4.80
يقدرون	3.75
يقدم	4.98
يقذف	3.49
يقرءون	2.37
يقربوا	2.15
يقرض	2.85
يقسم	3.88
يقسمون	2.95
يقص	3.21
يقصرون	2.34
يقصون	2.56
يقض	2.77
يقضون	3.64
يقضي	4.44
يقطعون	3.40
يقطين	2.53
يقل	4.69
يقلب	3.50
يقنت	1.87
يقنط	2.16
يقنطون	1.58
يقول	5.73
يقولا	2.33
يقولوا	3.99
يقولون	4.95
يقوم	5.42
يقومان	3.20
يقومون	4.64
يقيما	1.87
يقيموا	2.75
يقيمون	3.73
يقين	4.30
يقينا	3.64
يك	3.47
يكاد	4.09
يكادون	2.36
يكبتهم	1.20
يكبر	4.00
يكبروا	2.56
يكتب	4.81
يكتبون	3.87
يكتم	3.02
يكتمن	0.00
يكتمها	1.97
يكتمون	2.56
يكد	2.77
يكذب	4.25
يكذبك	1.51
يكذبوك	1.55
يكذبون	3.61
يكذبونك	1.53
يكرههن	1.14
يكرهون	3.77
يكسب	3.89
يكسبه	2.79
يكسبون	3.44
يكشف	4.49
يكف	3.47
يكفر	3.60
يكفروا	1.98
يكفرون	3.00
يكفروه	1.42
يكفل	3.62
يكفله	2.11
يكفلونه	1.28
يكفهم	2.10
يكفون	2.71
يكفيكم	2.51
يكلف	4.02
يكلمنا	2.32
يكلمه	2.84
يكلمهم	2.57
يكلوكم	1.31
يكن	5.55
يكنزون	1.59
يكور	1.81
يكون	5.99
يكونا	3.62
يكونوا	4.81
يكونون	4.08
يكيدون	2.28
يلاقوا	2.18
يلبثوا	2.44
يلبثون	1.56
يلبسكم	1.77
يلبسوا	2.71
يلبسون	3.47
يلتفت	3.63
يلتقطه	2.26
يلتقيان	3.27
يلتكم	1.44
يلج	2.96
يلحدون	2.16
يلحقوا	2.69
يلد	3.18
يلدوا	1.98
يلعبون	4.07
يلعن	3.17
يلعنهم	2.26
يلفظ	3.39
يلق	3.09
يلقاه	3.06
يلقاها	2.68
يلقون	3.56
يلقونه	2.38
يلقي	4.16
يلمزك	1.30
يلمزون	1.53
يلهث	3.07
يلونكم	1.44
يلوون	1.92
يمارون	1.31
يمترون	0.00
يمتعكم	1.78
يمتعون	2.02
يمحق	2.27
يمحو	3.17
يمددكم	1.60
يمدكم	2.01
يمده	2.71
يمدونهم	0.00
يمرون	3.73
يمسسك	2.06
يمسسكم	1.66
يمسسني	1.82
يمسسهم	1.96
يمسك	4.15
يمسكهن	1.50
يمسكون	3.61
يمسنا	2.09
يمسه	2.96
يمسهم	2.39
يمشون	3.43
يمشي	4.24
يمكر	2.13
يمكرون	2.41
يمل	3.30
يملك	4.84
يملكون	4.50
يمن	3.98
يمنون	2.21
يمني	4.17
يمهدون	2.05
يموت	4.80
يموتون	4.08
يموج	2.32
يميتكم	1.90
يميتني	1.48
يميز	4.07
يمين	4.30
يمينك	3.49
ينابيع	3.33
يناد	1.70
ينادون	3.38
ينادونك	2.28
ينادونهم	1.89
ينادي	3.95
يناديهم	2.36
ينازعنك	0.00
ينال	3.88
يناله	2.89
ينالهم	1.89
ينالوا	3.05
ينالون	2.78
ينبا	1.87
ينبت	3.35
ينبغي	5.17
ينبوعا	1.99
ينبيك	2.11
ينبيكم	1.74
ينبيهم	1.22
ينتصرون	2.74
ينتظر	4.65
ينتظرون	4.23
ينته	3.32
ينتهوا	3.11
ينتهون	2.67
ينجيكم	1.95
ينجيه	2.43
ينحتون	2.12
ينذرون	1.81
ينزع	3.50
ينزغ	1.78
ينزغنك	1.99
ينزفون	2.52
ينزل	4.23
ينسفها	1.71
ينسلون	1.98
ينسي	4.19
ينسينك	1.66
ينشا	3.73
ينشر	4.28
ينشرون	3.39
ينشي	3.41
ينصر	3.09
ينصركم	2.66
ينصرنا	2.25
ينصرني	2.03
ينصره	2.79
ينصرون	2.54
ينصرونكم	0.00
ينصرونه	1.59
ينصرونهم	1.36
ينطق	3.87
ينطقون	2.86
ينطلق	3.89
ينظر	4.74
ينظروا	3.25
ينظرون	4.24
ينعق	2.44
ينفخ	3.21
ينفد	3.29
ينفضوا	1.63
ينفع	4.25
ينفعك	3.11
ينفعكم	2.40
ينفعنا	2.94
ينفعه	3.06
ينفعهم	2.84
ينفعونكم	0.00
ينفق	3.47
ينفقون	3.27
ينفقونها	1.72
ينفوا	1.65
ينقذون	2.64
ينقص	3.89
ينقصوكم	1.34
ينقض	3.37
ينقضون	2.30
ينقلب	3.67
ينقلبون	2.87
ينكث	2.05
ينكثون	1.56
ينكح	2.78
ينكحن	1.01
ينكحها	2.50
ينكر	4.01
ينكرونها	1.98
ينهاكم	2.46
ينهاهم	1.92
ينهون	2.96
ينهي	4.03
ينيب	2.43
يهاجر	3.04
يهاجروا	2.04
يهب	3.61
يهبط	3.53
يهتدوا	2.17
يهتدون	2.66
يهتدي	2.89
يهجعون	2.11
يهد	2.69
يهدني	1.67
يهدون	2.62
يهدوننا	1.12
يهدي	3.66
يهديكم	2.43
يهدين	1.68
يهديني	2.42
يهديه	2.89
يهديهم	2.64
يهرعون	2.35
يهلك	3.29
يهلكنا	2.02
يهلكون	2.27
يهن	2.39
يهوديا	3.62
يهيج	2.94
يهيمون	2.54
يواخذ	2.12
يواخذكم	2.17
يواخذهم	1.54
يوادون	2.17
يواري	2.29
يوبقهن	0.00
يوت	2.62
يوتكم	2.04
يوتوا	1.27
يوتون	2.30
يوتي	3.14
يوتين	0.00
يوتيه	2.77
يوتيهم	1.56
يوثر	4.64
يوثق	3.76
يوجهه	2.60
يوح	1.49
يوحي	3.80
يوخذ	3.80
يوخر	3.36
يوخرهم	2.47
يود	4.00
يوده	2.15
يودوا	2.30
يوذن	3.15
يوذون	2.97
يوذي	3.86
يوذين	1.97
يورث	3.21
يورثها	2.20
يوزعون	3.15
يوسف	5.16
يوسوس	2.79
يوصل	3.87
يوصي	3.76
يوصيكم	1.84
يوصين	0.00
يوعدون	2.27
يوعظ	1.63
يوعظون	1.68
يوعون	0.00
يوف	2.55
يوفضون	1.08
يوفق	3.54
يوفك	1.60
يوفكون	2.26
يوفون	2.83
يوفي	3.15
يوفيهم	1.44
يوق	2.35
يوقد	2.45
يوقدون	1.84
يوقع	3.96
يوقنون	2.67
يولج	2.23
يولد	4.32
يولف	3.26
يولهم	1.52
يولوكم	1.36
يولون	2.75
يوم	6.11
يوما	5.39
يومرون	2.12
يومكم	3.28
يومن	4.54
يومنوا	3.43
يومنون	4.28
يومهم	3.68
يوميذ	3.88
يومين	4.79
يونس	4.54
يويد	3.77
يياس	3.03
ييس	2.92
ييسن	1.22
ييسوا	2.39
ييوده	1.04
ييوسا	1.10
